UF;Codigo_Infracao;Quantidade
ACRE;5010;133
ACRE;5029;1
ACRE;5037;9
ACRE;5045;79
ACRE;5053;9
ACRE;5061;6
ACRE;5096;1
ACRE;5118;48
ACRE;5134;2
ACRE;5142;2
ACRE;5169;128
ACRE;5177;2
ACRE;5185;173
ACRE;5193;34
ACRE;5207;39
ACRE;5215;19
ACRE;5231;3
ACRE;5274;23
ACRE;5282;3
ACRE;5290;1
ACRE;5320;1
ACRE;5371;1
ACRE;5380;5
ACRE;5410;1
ACRE;5428;19
ACRE;5444;12
ACRE;5452;183
ACRE;5460;18
ACRE;5479;15
ACRE;5487;23
ACRE;5495;3
ACRE;5509;146
ACRE;5525;2
ACRE;5541;825
ACRE;5550;212
ACRE;5568;14
ACRE;5614;4
ACRE;5622;15
ACRE;5657;1
ACRE;5673;1
ACRE;5681;4
ACRE;5711;2
ACRE;5720;12
ACRE;5738;38
ACRE;5746;1
ACRE;5770;2
ACRE;5797;6
ACRE;5819;91
ACRE;5827;1
ACRE;5835;47
ACRE;5908;3
ACRE;5924;2
ACRE;5940;4
ACRE;5959;14
ACRE;5967;112
ACRE;5975;2
ACRE;5991;6
ACRE;6009;1
ACRE;6017;14
ACRE;6041;65
ACRE;6050;405
ACRE;6068;22
ACRE;6076;2
ACRE;6084;1
ACRE;6122;10
ACRE;6270;3
ACRE;6408;10
ACRE;6432;2
ACRE;6483;1
ACRE;6530;2
ACRE;6548;1
ACRE;6556;7
ACRE;6564;14
ACRE;6580;7
ACRE;6599;278
ACRE;6602;17
ACRE;6610;6
ACRE;6629;1
ACRE;6637;54
ACRE;6645;48
ACRE;6653;17
ACRE;6661;5
ACRE;6670;34
ACRE;6688;4
ACRE;6700;48
ACRE;6726;62
ACRE;6750;4
ACRE;6769;32
ACRE;6785;1
ACRE;6823;8
ACRE;6840;5
ACRE;6858;29
ACRE;6866;1
ACRE;6904;2
ACRE;6912;24
ACRE;6920;1
ACRE;6947;3
ACRE;6963;4
ACRE;6971;5
ACRE;6980;1
ACRE;7030;15
ACRE;7048;5
ACRE;7056;3
ACRE;7064;1
ACRE;7099;2
ACRE;7102;1
ACRE;7234;2
ACRE;7242;55
ACRE;7277;1
ACRE;7323;1
ACRE;7340;84
ACRE;7358;1
ACRE;7366;59
ACRE;7455;958
ACRE;7463;341
ACRE;7471;46
ACRE;7560;18
ACRE;7579;19
ACRE;7587;15
ACRE;7625;87
ACRE;7633;423
ALAGOAS;5002;19
ALAGOAS;5010;1175
ALAGOAS;5029;11
ALAGOAS;5037;57
ALAGOAS;5045;143
ALAGOAS;5053;34
ALAGOAS;5061;39
ALAGOAS;5100;1
ALAGOAS;5118;258
ALAGOAS;5126;2
ALAGOAS;5134;4
ALAGOAS;5142;12
ALAGOAS;5150;2
ALAGOAS;5169;86
ALAGOAS;5177;1
ALAGOAS;5185;347
ALAGOAS;5193;87
ALAGOAS;5207;88
ALAGOAS;5215;3
ALAGOAS;5231;3
ALAGOAS;5274;25
ALAGOAS;5282;3
ALAGOAS;5290;1
ALAGOAS;5304;1
ALAGOAS;5320;1
ALAGOAS;5380;67
ALAGOAS;5398;1
ALAGOAS;5401;5
ALAGOAS;5410;4
ALAGOAS;5428;11
ALAGOAS;5444;38
ALAGOAS;5452;58
ALAGOAS;5460;7
ALAGOAS;5479;6
ALAGOAS;5487;8
ALAGOAS;5509;3
ALAGOAS;5525;6
ALAGOAS;5541;89
ALAGOAS;5550;64
ALAGOAS;5568;15
ALAGOAS;5584;2
ALAGOAS;5592;1
ALAGOAS;5606;1
ALAGOAS;5614;7
ALAGOAS;5622;6
ALAGOAS;5657;2
ALAGOAS;5665;2
ALAGOAS;5673;1
ALAGOAS;5681;3
ALAGOAS;5703;3
ALAGOAS;5711;5
ALAGOAS;5720;21
ALAGOAS;5738;63
ALAGOAS;5746;4
ALAGOAS;5770;4
ALAGOAS;5789;1
ALAGOAS;5797;13
ALAGOAS;5800;3
ALAGOAS;5819;59
ALAGOAS;5827;1
ALAGOAS;5835;145
ALAGOAS;5843;3
ALAGOAS;5851;1
ALAGOAS;5860;6
ALAGOAS;5878;2
ALAGOAS;5908;14
ALAGOAS;5924;1
ALAGOAS;5940;5
ALAGOAS;5959;6
ALAGOAS;5967;409
ALAGOAS;5975;35
ALAGOAS;5991;19
ALAGOAS;6009;1
ALAGOAS;6017;16
ALAGOAS;6025;1
ALAGOAS;6041;38
ALAGOAS;6050;33
ALAGOAS;6068;12
ALAGOAS;6076;13
ALAGOAS;6122;2
ALAGOAS;6130;1
ALAGOAS;6173;4
ALAGOAS;6181;1
ALAGOAS;6270;8
ALAGOAS;6394;1
ALAGOAS;6408;24
ALAGOAS;6432;1
ALAGOAS;6459;1
ALAGOAS;6530;11
ALAGOAS;6556;49
ALAGOAS;6564;45
ALAGOAS;6580;23
ALAGOAS;6599;900
ALAGOAS;6602;45
ALAGOAS;6610;83
ALAGOAS;6629;8
ALAGOAS;6637;340
ALAGOAS;6645;234
ALAGOAS;6653;26
ALAGOAS;6661;38
ALAGOAS;6670;197
ALAGOAS;6688;17
ALAGOAS;6696;1
ALAGOAS;6700;224
ALAGOAS;6718;1
ALAGOAS;6726;287
ALAGOAS;6742;1
ALAGOAS;6750;12
ALAGOAS;6769;312
ALAGOAS;6785;9
ALAGOAS;6807;1
ALAGOAS;6823;7
ALAGOAS;6831;1
ALAGOAS;6840;7
ALAGOAS;6858;100
ALAGOAS;6866;4
ALAGOAS;6904;4
ALAGOAS;6912;97
ALAGOAS;6920;1160
ALAGOAS;6947;30
ALAGOAS;6963;6
ALAGOAS;6971;1
ALAGOAS;6980;1
ALAGOAS;7030;524
ALAGOAS;7048;260
ALAGOAS;7056;2
ALAGOAS;7064;12
ALAGOAS;7072;5
ALAGOAS;7099;2
ALAGOAS;7102;1
ALAGOAS;7137;1
ALAGOAS;7218;11
ALAGOAS;7234;3
ALAGOAS;7242;985
ALAGOAS;7285;2
ALAGOAS;7323;1
ALAGOAS;7340;254
ALAGOAS;7358;5
ALAGOAS;7366;64
ALAGOAS;7455;4826
ALAGOAS;7463;1521
ALAGOAS;7471;167
ALAGOAS;7552;1
ALAGOAS;7560;38
ALAGOAS;7579;151
ALAGOAS;7587;9
ALAGOAS;7625;22
ALAGOAS;7633;157
AMAPA;5010;136
AMAPA;5037;9
AMAPA;5045;66
AMAPA;5053;1
AMAPA;5061;2
AMAPA;5096;3
AMAPA;5118;92
AMAPA;5134;8
AMAPA;5142;26
AMAPA;5150;1
AMAPA;5169;32
AMAPA;5177;1
AMAPA;5185;144
AMAPA;5193;34
AMAPA;5207;4
AMAPA;5347;1
AMAPA;5401;1
AMAPA;5410;1
AMAPA;5428;3
AMAPA;5444;3
AMAPA;5452;3
AMAPA;5460;1
AMAPA;5479;1
AMAPA;5487;17
AMAPA;5509;1
AMAPA;5525;3
AMAPA;5541;13
AMAPA;5550;6
AMAPA;5568;18
AMAPA;5614;2
AMAPA;5665;4
AMAPA;5673;2
AMAPA;5703;1
AMAPA;5720;4
AMAPA;5738;9
AMAPA;5746;2
AMAPA;5770;1
AMAPA;5800;1
AMAPA;5819;29
AMAPA;5827;1
AMAPA;5835;17
AMAPA;5860;1
AMAPA;5908;2
AMAPA;5924;1
AMAPA;5940;1
AMAPA;5967;31
AMAPA;5975;17
AMAPA;5991;5
AMAPA;6017;42
AMAPA;6025;2
AMAPA;6033;160
AMAPA;6041;3
AMAPA;6050;11
AMAPA;6068;4
AMAPA;6114;2
AMAPA;6122;1
AMAPA;6270;1
AMAPA;6408;16
AMAPA;6432;1
AMAPA;6459;2
AMAPA;6556;6
AMAPA;6564;6
AMAPA;6580;2
AMAPA;6599;213
AMAPA;6602;11
AMAPA;6610;5
AMAPA;6637;35
AMAPA;6645;16
AMAPA;6653;4
AMAPA;6661;1
AMAPA;6670;34
AMAPA;6688;2
AMAPA;6700;32
AMAPA;6726;75
AMAPA;6750;1
AMAPA;6769;44
AMAPA;6840;1
AMAPA;6858;62
AMAPA;6866;5
AMAPA;6904;1
AMAPA;6912;19
AMAPA;6947;7
AMAPA;7030;3
AMAPA;7048;5
AMAPA;7064;2
AMAPA;7099;1
AMAPA;7102;2
AMAPA;7218;2
AMAPA;7234;1
AMAPA;7242;41
AMAPA;7340;19
AMAPA;7366;4
AMAPA;7455;1420
AMAPA;7463;328
AMAPA;7471;29
AMAPA;7560;5
AMAPA;7579;9
AMAPA;7625;2
AMAPA;7633;7
AMAZONAS;5010;163
AMAZONAS;5029;4
AMAZONAS;5037;14
AMAZONAS;5045;37
AMAZONAS;5053;40
AMAZONAS;5061;3
AMAZONAS;5088;1
AMAZONAS;5096;1
AMAZONAS;5100;1
AMAZONAS;5118;57
AMAZONAS;5126;2
AMAZONAS;5134;1
AMAZONAS;5142;7
AMAZONAS;5150;9
AMAZONAS;5169;64
AMAZONAS;5185;593
AMAZONAS;5193;70
AMAZONAS;5207;16
AMAZONAS;5231;2
AMAZONAS;5258;1
AMAZONAS;5274;7
AMAZONAS;5282;1
AMAZONAS;5371;1
AMAZONAS;5380;12
AMAZONAS;5398;2
AMAZONAS;5410;8
AMAZONAS;5428;16
AMAZONAS;5444;4
AMAZONAS;5452;60
AMAZONAS;5460;1
AMAZONAS;5479;20
AMAZONAS;5487;74
AMAZONAS;5495;3
AMAZONAS;5509;3
AMAZONAS;5517;1
AMAZONAS;5525;5
AMAZONAS;5541;15
AMAZONAS;5550;141
AMAZONAS;5568;8
AMAZONAS;5576;1
AMAZONAS;5592;2
AMAZONAS;5614;4
AMAZONAS;5622;2
AMAZONAS;5657;1
AMAZONAS;5673;5
AMAZONAS;5681;3
AMAZONAS;5703;17
AMAZONAS;5720;19
AMAZONAS;5738;27
AMAZONAS;5746;5
AMAZONAS;5797;4
AMAZONAS;5819;26
AMAZONAS;5835;47
AMAZONAS;5843;3
AMAZONAS;5851;3
AMAZONAS;5878;3
AMAZONAS;5908;4
AMAZONAS;5924;3
AMAZONAS;5940;7
AMAZONAS;5959;1
AMAZONAS;5967;260
AMAZONAS;5975;6
AMAZONAS;5991;13
AMAZONAS;6017;9
AMAZONAS;6025;2
AMAZONAS;6033;7
AMAZONAS;6041;65
AMAZONAS;6050;97
AMAZONAS;6068;5
AMAZONAS;6076;1
AMAZONAS;6084;2
AMAZONAS;6122;2
AMAZONAS;6130;2
AMAZONAS;6270;4
AMAZONAS;6408;35
AMAZONAS;6432;1
AMAZONAS;6459;5
AMAZONAS;6530;3
AMAZONAS;6556;12
AMAZONAS;6564;7
AMAZONAS;6580;14
AMAZONAS;6599;218
AMAZONAS;6602;17
AMAZONAS;6610;13
AMAZONAS;6637;138
AMAZONAS;6645;85
AMAZONAS;6653;15
AMAZONAS;6661;6
AMAZONAS;6670;18
AMAZONAS;6688;14
AMAZONAS;6696;2
AMAZONAS;6700;44
AMAZONAS;6726;175
AMAZONAS;6742;2
AMAZONAS;6750;1
AMAZONAS;6769;59
AMAZONAS;6777;1
AMAZONAS;6823;2
AMAZONAS;6840;7
AMAZONAS;6858;74
AMAZONAS;6866;2
AMAZONAS;6882;1
AMAZONAS;6904;1
AMAZONAS;6912;43
AMAZONAS;6947;18
AMAZONAS;6963;7
AMAZONAS;6971;2
AMAZONAS;7030;99
AMAZONAS;7048;75
AMAZONAS;7056;1
AMAZONAS;7064;4
AMAZONAS;7099;1
AMAZONAS;7102;1
AMAZONAS;7234;14
AMAZONAS;7242;182
AMAZONAS;7277;1
AMAZONAS;7323;1
AMAZONAS;7340;23
AMAZONAS;7366;28
AMAZONAS;7374;1
AMAZONAS;7455;2288
AMAZONAS;7463;483
AMAZONAS;7471;35
AMAZONAS;7560;40
AMAZONAS;7579;26
AMAZONAS;7587;1
AMAZONAS;7625;9
AMAZONAS;7633;81
BAHIA;5002;5
BAHIA;5010;3310
BAHIA;5029;19
BAHIA;5037;172
BAHIA;5045;1101
BAHIA;5053;180
BAHIA;5061;155
BAHIA;5070;1
BAHIA;5088;6
BAHIA;5096;35
BAHIA;5100;2
BAHIA;5118;740
BAHIA;5126;5
BAHIA;5134;39
BAHIA;5142;161
BAHIA;5150;21
BAHIA;5169;271
BAHIA;5177;6
BAHIA;5185;3784
BAHIA;5193;332
BAHIA;5207;294
BAHIA;5215;87
BAHIA;5231;6
BAHIA;5240;4
BAHIA;5258;6
BAHIA;5274;235
BAHIA;5282;9
BAHIA;5290;4
BAHIA;5304;6
BAHIA;5312;1
BAHIA;5320;12
BAHIA;5347;1
BAHIA;5355;2
BAHIA;5371;5
BAHIA;5380;33
BAHIA;5398;9
BAHIA;5401;7
BAHIA;5410;18
BAHIA;5428;60
BAHIA;5444;128
BAHIA;5452;120
BAHIA;5460;10
BAHIA;5479;33
BAHIA;5487;46
BAHIA;5495;1
BAHIA;5509;30
BAHIA;5517;2
BAHIA;5525;34
BAHIA;5541;311
BAHIA;5550;200
BAHIA;5568;152
BAHIA;5576;1
BAHIA;5592;7
BAHIA;5606;3
BAHIA;5614;31
BAHIA;5622;5
BAHIA;5630;3
BAHIA;5657;2
BAHIA;5665;11
BAHIA;5673;11
BAHIA;5681;20
BAHIA;5690;2
BAHIA;5703;33
BAHIA;5711;38
BAHIA;5720;157
BAHIA;5738;328
BAHIA;5746;75
BAHIA;5770;54
BAHIA;5789;5
BAHIA;5797;106
BAHIA;5800;49
BAHIA;5819;308
BAHIA;5827;10
BAHIA;5835;415
BAHIA;5843;68
BAHIA;5851;7
BAHIA;5860;13
BAHIA;5878;23
BAHIA;5908;143
BAHIA;5916;3
BAHIA;5924;32
BAHIA;5940;50
BAHIA;5959;24
BAHIA;5967;3744
BAHIA;5975;77
BAHIA;5991;50
BAHIA;6009;8
BAHIA;6017;20
BAHIA;6025;9
BAHIA;6033;36
BAHIA;6041;76
BAHIA;6050;233
BAHIA;6068;451
BAHIA;6076;37
BAHIA;6084;36
BAHIA;6122;8
BAHIA;6157;1
BAHIA;6173;5
BAHIA;6181;1
BAHIA;6238;1
BAHIA;6270;29
BAHIA;6319;1
BAHIA;6327;1
BAHIA;6394;2
BAHIA;6408;194
BAHIA;6416;1
BAHIA;6432;7
BAHIA;6440;1
BAHIA;6459;7
BAHIA;6483;1
BAHIA;6530;58
BAHIA;6548;53
BAHIA;6556;171
BAHIA;6564;125
BAHIA;6572;6
BAHIA;6580;139
BAHIA;6599;6123
BAHIA;6602;485
BAHIA;6610;259
BAHIA;6629;6
BAHIA;6637;1168
BAHIA;6645;1100
BAHIA;6653;193
BAHIA;6661;172
BAHIA;6670;899
BAHIA;6688;71
BAHIA;6696;29
BAHIA;6700;763
BAHIA;6726;1076
BAHIA;6742;3
BAHIA;6750;41
BAHIA;6769;713
BAHIA;6777;1
BAHIA;6785;18
BAHIA;6807;3
BAHIA;6815;1
BAHIA;6823;98
BAHIA;6831;6
BAHIA;6840;89
BAHIA;6858;368
BAHIA;6866;515
BAHIA;6882;1
BAHIA;6890;1
BAHIA;6904;34
BAHIA;6912;652
BAHIA;6920;3652
BAHIA;6939;2
BAHIA;6947;108
BAHIA;6955;7
BAHIA;6963;29
BAHIA;6971;29
BAHIA;6980;12
BAHIA;7030;920
BAHIA;7048;233
BAHIA;7056;14
BAHIA;7064;59
BAHIA;7072;32
BAHIA;7080;2
BAHIA;7099;3
BAHIA;7102;8
BAHIA;7218;75
BAHIA;7234;18
BAHIA;7242;3267
BAHIA;7277;1
BAHIA;7285;8
BAHIA;7293;1
BAHIA;7307;1
BAHIA;7315;10
BAHIA;7323;14
BAHIA;7340;1415
BAHIA;7358;26
BAHIA;7366;383
BAHIA;7374;8
BAHIA;7455;104926
BAHIA;7463;20359
BAHIA;7471;2809
BAHIA;7552;7
BAHIA;7560;253
BAHIA;7579;2201
BAHIA;7587;21
BAHIA;7617;5
BAHIA;7625;12
BAHIA;7633;330
CEARA;5002;2
CEARA;5010;910
CEARA;5029;5
CEARA;5037;68
CEARA;5045;245
CEARA;5053;36
CEARA;5061;56
CEARA;5088;5
CEARA;5096;4
CEARA;5118;414
CEARA;5126;2
CEARA;5134;23
CEARA;5142;76
CEARA;5150;7
CEARA;5169;66
CEARA;5177;7
CEARA;5185;421
CEARA;5193;73
CEARA;5207;340
CEARA;5215;7
CEARA;5223;1
CEARA;5231;8
CEARA;5266;1
CEARA;5274;9
CEARA;5290;1
CEARA;5320;1
CEARA;5347;3
CEARA;5355;2
CEARA;5371;3
CEARA;5380;5
CEARA;5401;2
CEARA;5428;53
CEARA;5444;50
CEARA;5452;41
CEARA;5460;2
CEARA;5479;12
CEARA;5487;9
CEARA;5509;7
CEARA;5525;2
CEARA;5541;29
CEARA;5550;21
CEARA;5568;10
CEARA;5576;1
CEARA;5614;37
CEARA;5622;8
CEARA;5630;1
CEARA;5665;2
CEARA;5673;4
CEARA;5681;5
CEARA;5703;11
CEARA;5711;67
CEARA;5720;65
CEARA;5738;75
CEARA;5746;18
CEARA;5770;45
CEARA;5789;1
CEARA;5797;58
CEARA;5800;10
CEARA;5819;467
CEARA;5827;5
CEARA;5835;280
CEARA;5843;167
CEARA;5851;11
CEARA;5860;12
CEARA;5878;7
CEARA;5908;253
CEARA;5924;2
CEARA;5940;13
CEARA;5959;1
CEARA;5967;1560
CEARA;5975;123
CEARA;5991;25
CEARA;6009;21
CEARA;6017;49
CEARA;6025;1
CEARA;6033;7
CEARA;6041;18
CEARA;6050;56
CEARA;6068;12
CEARA;6076;14
CEARA;6084;6
CEARA;6122;3
CEARA;6173;2
CEARA;6181;2
CEARA;6190;1
CEARA;6270;16
CEARA;6289;1
CEARA;6297;2
CEARA;6319;11
CEARA;6378;1
CEARA;6394;2
CEARA;6408;178
CEARA;6432;3
CEARA;6440;3
CEARA;6459;4
CEARA;6530;4
CEARA;6556;44
CEARA;6564;47
CEARA;6572;1
CEARA;6580;24
CEARA;6599;1789
CEARA;6602;169
CEARA;6610;91
CEARA;6629;5
CEARA;6637;645
CEARA;6645;673
CEARA;6653;68
CEARA;6661;80
CEARA;6670;675
CEARA;6688;65
CEARA;6696;7
CEARA;6700;201
CEARA;6726;689
CEARA;6742;1
CEARA;6750;27
CEARA;6769;254
CEARA;6785;17
CEARA;6807;2
CEARA;6823;16
CEARA;6840;51
CEARA;6858;153
CEARA;6866;6
CEARA;6890;1
CEARA;6904;6
CEARA;6912;132
CEARA;6920;6
CEARA;6939;1
CEARA;6947;83
CEARA;6955;1
CEARA;6963;26
CEARA;6971;2
CEARA;7030;315
CEARA;7048;227
CEARA;7064;32
CEARA;7072;20
CEARA;7080;1
CEARA;7099;4
CEARA;7102;2
CEARA;7218;7
CEARA;7226;1
CEARA;7234;14
CEARA;7242;3129
CEARA;7277;1
CEARA;7285;7
CEARA;7307;1
CEARA;7315;1
CEARA;7323;2
CEARA;7340;436
CEARA;7358;5
CEARA;7366;37
CEARA;7374;1
CEARA;7455;27738
CEARA;7463;9485
CEARA;7471;1299
CEARA;7552;3
CEARA;7560;204
CEARA;7579;219
CEARA;7587;14
CEARA;7625;14
CEARA;7633;59
DISTRITO FEDERAL;5002;4
DISTRITO FEDERAL;5010;348
DISTRITO FEDERAL;5029;11
DISTRITO FEDERAL;5037;28
DISTRITO FEDERAL;5045;316
DISTRITO FEDERAL;5053;21
DISTRITO FEDERAL;5061;23
DISTRITO FEDERAL;5088;1
DISTRITO FEDERAL;5096;15
DISTRITO FEDERAL;5118;51
DISTRITO FEDERAL;5126;1
DISTRITO FEDERAL;5134;3
DISTRITO FEDERAL;5142;18
DISTRITO FEDERAL;5150;1
DISTRITO FEDERAL;5169;146
DISTRITO FEDERAL;5177;5
DISTRITO FEDERAL;5185;913
DISTRITO FEDERAL;5193;150
DISTRITO FEDERAL;5207;164
DISTRITO FEDERAL;5215;5
DISTRITO FEDERAL;5223;1
DISTRITO FEDERAL;5231;11
DISTRITO FEDERAL;5240;1
DISTRITO FEDERAL;5266;1
DISTRITO FEDERAL;5274;12
DISTRITO FEDERAL;5282;4
DISTRITO FEDERAL;5290;1
DISTRITO FEDERAL;5304;2
DISTRITO FEDERAL;5312;1
DISTRITO FEDERAL;5320;1
DISTRITO FEDERAL;5347;3
DISTRITO FEDERAL;5371;7
DISTRITO FEDERAL;5380;14
DISTRITO FEDERAL;5398;1
DISTRITO FEDERAL;5410;2
DISTRITO FEDERAL;5428;24
DISTRITO FEDERAL;5444;55
DISTRITO FEDERAL;5452;42
DISTRITO FEDERAL;5460;5
DISTRITO FEDERAL;5479;5
DISTRITO FEDERAL;5487;5
DISTRITO FEDERAL;5509;11
DISTRITO FEDERAL;5517;1
DISTRITO FEDERAL;5525;3
DISTRITO FEDERAL;5541;33
DISTRITO FEDERAL;5550;51
DISTRITO FEDERAL;5568;26
DISTRITO FEDERAL;5592;1
DISTRITO FEDERAL;5614;31
DISTRITO FEDERAL;5622;12
DISTRITO FEDERAL;5665;53
DISTRITO FEDERAL;5673;9
DISTRITO FEDERAL;5681;2142
DISTRITO FEDERAL;5690;167
DISTRITO FEDERAL;5703;137
DISTRITO FEDERAL;5711;34
DISTRITO FEDERAL;5720;41
DISTRITO FEDERAL;5738;55
DISTRITO FEDERAL;5746;16
DISTRITO FEDERAL;5762;1
DISTRITO FEDERAL;5770;26
DISTRITO FEDERAL;5789;1
DISTRITO FEDERAL;5797;56
DISTRITO FEDERAL;5800;168
DISTRITO FEDERAL;5819;1287
DISTRITO FEDERAL;5827;4
DISTRITO FEDERAL;5835;124
DISTRITO FEDERAL;5843;211
DISTRITO FEDERAL;5851;12
DISTRITO FEDERAL;5860;17
DISTRITO FEDERAL;5878;22
DISTRITO FEDERAL;5908;371
DISTRITO FEDERAL;5924;3
DISTRITO FEDERAL;5940;23
DISTRITO FEDERAL;5959;5
DISTRITO FEDERAL;5967;1324
DISTRITO FEDERAL;5975;26
DISTRITO FEDERAL;5991;66
DISTRITO FEDERAL;6009;13
DISTRITO FEDERAL;6017;68
DISTRITO FEDERAL;6025;10
DISTRITO FEDERAL;6033;21
DISTRITO FEDERAL;6041;49
DISTRITO FEDERAL;6050;242
DISTRITO FEDERAL;6068;189
DISTRITO FEDERAL;6076;5
DISTRITO FEDERAL;6084;5
DISTRITO FEDERAL;6122;46
DISTRITO FEDERAL;6130;2
DISTRITO FEDERAL;6173;4
DISTRITO FEDERAL;6181;4
DISTRITO FEDERAL;6190;2
DISTRITO FEDERAL;6270;140
DISTRITO FEDERAL;6289;1
DISTRITO FEDERAL;6343;1
DISTRITO FEDERAL;6378;4
DISTRITO FEDERAL;6408;33
DISTRITO FEDERAL;6424;1
DISTRITO FEDERAL;6432;2
DISTRITO FEDERAL;6440;6
DISTRITO FEDERAL;6459;7
DISTRITO FEDERAL;6483;2
DISTRITO FEDERAL;6491;1
DISTRITO FEDERAL;6530;23
DISTRITO FEDERAL;6548;1
DISTRITO FEDERAL;6556;11
DISTRITO FEDERAL;6564;10
DISTRITO FEDERAL;6572;1
DISTRITO FEDERAL;6580;15
DISTRITO FEDERAL;6599;637
DISTRITO FEDERAL;6602;68
DISTRITO FEDERAL;6610;43
DISTRITO FEDERAL;6637;162
DISTRITO FEDERAL;6645;154
DISTRITO FEDERAL;6653;18
DISTRITO FEDERAL;6661;5
DISTRITO FEDERAL;6670;107
DISTRITO FEDERAL;6688;8
DISTRITO FEDERAL;6700;55
DISTRITO FEDERAL;6726;227
DISTRITO FEDERAL;6750;1
DISTRITO FEDERAL;6769;563
DISTRITO FEDERAL;6793;1
DISTRITO FEDERAL;6823;5
DISTRITO FEDERAL;6840;21
DISTRITO FEDERAL;6858;99
DISTRITO FEDERAL;6866;25
DISTRITO FEDERAL;6882;1
DISTRITO FEDERAL;6912;79
DISTRITO FEDERAL;6920;5
DISTRITO FEDERAL;6947;18
DISTRITO FEDERAL;6955;6
DISTRITO FEDERAL;6963;3
DISTRITO FEDERAL;6971;1
DISTRITO FEDERAL;6980;1
DISTRITO FEDERAL;7030;12
DISTRITO FEDERAL;7048;4
DISTRITO FEDERAL;7102;1
DISTRITO FEDERAL;7218;11
DISTRITO FEDERAL;7234;111
DISTRITO FEDERAL;7242;2999
DISTRITO FEDERAL;7277;9
DISTRITO FEDERAL;7285;31
DISTRITO FEDERAL;7307;1
DISTRITO FEDERAL;7315;18
DISTRITO FEDERAL;7323;5
DISTRITO FEDERAL;7331;2
DISTRITO FEDERAL;7340;47
DISTRITO FEDERAL;7358;23
DISTRITO FEDERAL;7366;135
DISTRITO FEDERAL;7455;71248
DISTRITO FEDERAL;7463;15360
DISTRITO FEDERAL;7471;1791
DISTRITO FEDERAL;7560;21
DISTRITO FEDERAL;7579;394
DISTRITO FEDERAL;7587;95
DISTRITO FEDERAL;7625;7
DISTRITO FEDERAL;7633;625
ESPIRITO SANTO;5002;3
ESPIRITO SANTO;5010;527
ESPIRITO SANTO;5029;145
ESPIRITO SANTO;5037;66
ESPIRITO SANTO;5045;341
ESPIRITO SANTO;5053;37
ESPIRITO SANTO;5061;19
ESPIRITO SANTO;5070;5
ESPIRITO SANTO;5088;2
ESPIRITO SANTO;5096;11
ESPIRITO SANTO;5100;3
ESPIRITO SANTO;5118;152
ESPIRITO SANTO;5126;34
ESPIRITO SANTO;5134;21
ESPIRITO SANTO;5142;64
ESPIRITO SANTO;5150;4
ESPIRITO SANTO;5169;65
ESPIRITO SANTO;5177;4
ESPIRITO SANTO;5185;1150
ESPIRITO SANTO;5193;98
ESPIRITO SANTO;5207;279
ESPIRITO SANTO;5215;7
ESPIRITO SANTO;5223;2
ESPIRITO SANTO;5231;2
ESPIRITO SANTO;5266;1
ESPIRITO SANTO;5274;6
ESPIRITO SANTO;5282;6
ESPIRITO SANTO;5290;2
ESPIRITO SANTO;5304;5
ESPIRITO SANTO;5320;9
ESPIRITO SANTO;5347;2
ESPIRITO SANTO;5355;1
ESPIRITO SANTO;5363;3
ESPIRITO SANTO;5371;5
ESPIRITO SANTO;5380;4
ESPIRITO SANTO;5398;1
ESPIRITO SANTO;5410;3
ESPIRITO SANTO;5428;141
ESPIRITO SANTO;5444;40
ESPIRITO SANTO;5452;86
ESPIRITO SANTO;5460;7
ESPIRITO SANTO;5479;1
ESPIRITO SANTO;5487;4
ESPIRITO SANTO;5495;2
ESPIRITO SANTO;5509;8
ESPIRITO SANTO;5517;1
ESPIRITO SANTO;5525;1
ESPIRITO SANTO;5541;67
ESPIRITO SANTO;5550;23
ESPIRITO SANTO;5568;28
ESPIRITO SANTO;5606;1
ESPIRITO SANTO;5614;50
ESPIRITO SANTO;5622;6
ESPIRITO SANTO;5630;3
ESPIRITO SANTO;5665;3
ESPIRITO SANTO;5673;1
ESPIRITO SANTO;5681;5
ESPIRITO SANTO;5690;6
ESPIRITO SANTO;5703;49
ESPIRITO SANTO;5711;266
ESPIRITO SANTO;5720;62
ESPIRITO SANTO;5738;48
ESPIRITO SANTO;5746;155
ESPIRITO SANTO;5770;23
ESPIRITO SANTO;5789;1
ESPIRITO SANTO;5797;49
ESPIRITO SANTO;5800;36
ESPIRITO SANTO;5819;274
ESPIRITO SANTO;5827;4
ESPIRITO SANTO;5835;265
ESPIRITO SANTO;5843;20
ESPIRITO SANTO;5860;21
ESPIRITO SANTO;5878;9
ESPIRITO SANTO;5908;98
ESPIRITO SANTO;5916;5
ESPIRITO SANTO;5924;4
ESPIRITO SANTO;5940;25
ESPIRITO SANTO;5959;21
ESPIRITO SANTO;5967;2297
ESPIRITO SANTO;5975;29
ESPIRITO SANTO;5991;35
ESPIRITO SANTO;6017;10
ESPIRITO SANTO;6025;2
ESPIRITO SANTO;6041;44
ESPIRITO SANTO;6050;244
ESPIRITO SANTO;6068;167
ESPIRITO SANTO;6076;8
ESPIRITO SANTO;6084;136
ESPIRITO SANTO;6122;13
ESPIRITO SANTO;6130;2
ESPIRITO SANTO;6173;3
ESPIRITO SANTO;6181;2
ESPIRITO SANTO;6190;3
ESPIRITO SANTO;6270;42
ESPIRITO SANTO;6289;1
ESPIRITO SANTO;6327;1
ESPIRITO SANTO;6394;3
ESPIRITO SANTO;6408;130
ESPIRITO SANTO;6459;4
ESPIRITO SANTO;6483;1
ESPIRITO SANTO;6491;3
ESPIRITO SANTO;6530;2
ESPIRITO SANTO;6548;1
ESPIRITO SANTO;6556;60
ESPIRITO SANTO;6564;23
ESPIRITO SANTO;6572;5
ESPIRITO SANTO;6580;30
ESPIRITO SANTO;6599;1754
ESPIRITO SANTO;6602;343
ESPIRITO SANTO;6610;151
ESPIRITO SANTO;6629;21
ESPIRITO SANTO;6637;551
ESPIRITO SANTO;6645;607
ESPIRITO SANTO;6653;81
ESPIRITO SANTO;6661;64
ESPIRITO SANTO;6670;514
ESPIRITO SANTO;6688;37
ESPIRITO SANTO;6696;2
ESPIRITO SANTO;6700;617
ESPIRITO SANTO;6726;1031
ESPIRITO SANTO;6742;1
ESPIRITO SANTO;6750;46
ESPIRITO SANTO;6769;329
ESPIRITO SANTO;6785;10
ESPIRITO SANTO;6807;5
ESPIRITO SANTO;6823;30
ESPIRITO SANTO;6831;22
ESPIRITO SANTO;6840;45
ESPIRITO SANTO;6858;67
ESPIRITO SANTO;6866;9
ESPIRITO SANTO;6882;4
ESPIRITO SANTO;6904;19
ESPIRITO SANTO;6912;179
ESPIRITO SANTO;6920;10
ESPIRITO SANTO;6939;2
ESPIRITO SANTO;6947;55
ESPIRITO SANTO;6955;2
ESPIRITO SANTO;6963;35
ESPIRITO SANTO;6971;2
ESPIRITO SANTO;7030;12
ESPIRITO SANTO;7048;4
ESPIRITO SANTO;7056;2
ESPIRITO SANTO;7064;14
ESPIRITO SANTO;7072;1
ESPIRITO SANTO;7099;1
ESPIRITO SANTO;7102;3
ESPIRITO SANTO;7218;3
ESPIRITO SANTO;7234;16
ESPIRITO SANTO;7242;1787
ESPIRITO SANTO;7269;2
ESPIRITO SANTO;7277;6
ESPIRITO SANTO;7285;3
ESPIRITO SANTO;7293;1
ESPIRITO SANTO;7315;1
ESPIRITO SANTO;7340;193
ESPIRITO SANTO;7358;22
ESPIRITO SANTO;7366;67
ESPIRITO SANTO;7374;3
ESPIRITO SANTO;7455;41612
ESPIRITO SANTO;7463;13994
ESPIRITO SANTO;7471;2284
ESPIRITO SANTO;7552;1
ESPIRITO SANTO;7560;151
ESPIRITO SANTO;7579;137
ESPIRITO SANTO;7587;33
ESPIRITO SANTO;7617;2
ESPIRITO SANTO;7625;8
ESPIRITO SANTO;7633;84
GOIAS;5002;14
GOIAS;5010;855
GOIAS;5029;13
GOIAS;5037;97
GOIAS;5045;449
GOIAS;5053;39
GOIAS;5061;29
GOIAS;5088;3
GOIAS;5096;10
GOIAS;5100;1
GOIAS;5118;119
GOIAS;5126;2
GOIAS;5134;16
GOIAS;5142;44
GOIAS;5150;6
GOIAS;5169;134
GOIAS;5177;4
GOIAS;5185;2071
GOIAS;5193;147
GOIAS;5207;1159
GOIAS;5215;7
GOIAS;5231;6
GOIAS;5266;2
GOIAS;5274;13
GOIAS;5282;4
GOIAS;5290;3
GOIAS;5304;3
GOIAS;5312;1
GOIAS;5320;7
GOIAS;5347;1
GOIAS;5355;5
GOIAS;5371;10
GOIAS;5380;6
GOIAS;5401;2
GOIAS;5410;2
GOIAS;5428;53
GOIAS;5444;79
GOIAS;5452;57
GOIAS;5460;5
GOIAS;5479;2
GOIAS;5487;9
GOIAS;5509;12
GOIAS;5517;1
GOIAS;5525;15
GOIAS;5541;82
GOIAS;5550;67
GOIAS;5568;218
GOIAS;5576;1
GOIAS;5592;5
GOIAS;5606;2
GOIAS;5614;81
GOIAS;5622;13
GOIAS;5630;1
GOIAS;5657;2
GOIAS;5665;38
GOIAS;5673;5
GOIAS;5681;130
GOIAS;5690;56
GOIAS;5703;1031
GOIAS;5711;87
GOIAS;5720;70
GOIAS;5738;111
GOIAS;5746;77
GOIAS;5770;18
GOIAS;5789;2
GOIAS;5797;62
GOIAS;5800;349
GOIAS;5819;1423
GOIAS;5827;5
GOIAS;5835;377
GOIAS;5843;487
GOIAS;5851;2
GOIAS;5860;13
GOIAS;5878;92
GOIAS;5908;107
GOIAS;5916;3
GOIAS;5924;13
GOIAS;5940;25
GOIAS;5959;15
GOIAS;5967;1449
GOIAS;5975;35
GOIAS;5991;25
GOIAS;6009;2
GOIAS;6017;66
GOIAS;6025;12
GOIAS;6033;10
GOIAS;6041;178
GOIAS;6050;204
GOIAS;6068;566
GOIAS;6076;12
GOIAS;6084;11
GOIAS;6122;10
GOIAS;6130;1
GOIAS;6173;8
GOIAS;6181;7
GOIAS;6190;19
GOIAS;6270;66
GOIAS;6300;1
GOIAS;6335;1
GOIAS;6378;9
GOIAS;6386;1
GOIAS;6394;1
GOIAS;6408;101
GOIAS;6432;4
GOIAS;6440;1
GOIAS;6459;9
GOIAS;6475;1
GOIAS;6491;2
GOIAS;6530;5
GOIAS;6548;4
GOIAS;6556;41
GOIAS;6564;19
GOIAS;6572;4
GOIAS;6580;54
GOIAS;6599;1190
GOIAS;6602;281
GOIAS;6610;87
GOIAS;6629;1
GOIAS;6637;648
GOIAS;6645;675
GOIAS;6653;41
GOIAS;6661;49
GOIAS;6670;447
GOIAS;6688;41
GOIAS;6696;11
GOIAS;6700;202
GOIAS;6726;800
GOIAS;6750;15
GOIAS;6769;473
GOIAS;6785;22
GOIAS;6793;1
GOIAS;6807;4
GOIAS;6823;34
GOIAS;6831;1
GOIAS;6840;78
GOIAS;6858;129
GOIAS;6866;20
GOIAS;6882;2
GOIAS;6890;2
GOIAS;6904;11
GOIAS;6912;203
GOIAS;6920;10
GOIAS;6939;2
GOIAS;6947;84
GOIAS;6955;3
GOIAS;6963;42
GOIAS;6971;2
GOIAS;6980;1
GOIAS;7030;24
GOIAS;7048;14
GOIAS;7056;3
GOIAS;7064;49
GOIAS;7072;6
GOIAS;7099;20
GOIAS;7102;9
GOIAS;7218;11
GOIAS;7234;24
GOIAS;7242;6667
GOIAS;7269;1
GOIAS;7277;2
GOIAS;7285;15
GOIAS;7307;2
GOIAS;7315;32
GOIAS;7323;1
GOIAS;7340;173
GOIAS;7358;45
GOIAS;7366;235
GOIAS;7374;1
GOIAS;7455;44546
GOIAS;7463;11620
GOIAS;7471;994
GOIAS;7552;2
GOIAS;7560;149
GOIAS;7579;410
GOIAS;7587;21
GOIAS;7617;1
GOIAS;7625;11
GOIAS;7633;672
MARANHAO;5002;1
MARANHAO;5010;885
MARANHAO;5029;5
MARANHAO;5037;53
MARANHAO;5045;182
MARANHAO;5053;8
MARANHAO;5061;9
MARANHAO;5088;1
MARANHAO;5096;6
MARANHAO;5118;83
MARANHAO;5126;1
MARANHAO;5134;3
MARANHAO;5142;8
MARANHAO;5169;80
MARANHAO;5185;500
MARANHAO;5193;117
MARANHAO;5207;75
MARANHAO;5215;4
MARANHAO;5274;3
MARANHAO;5304;1
MARANHAO;5371;1
MARANHAO;5410;1
MARANHAO;5428;41
MARANHAO;5444;267
MARANHAO;5452;18
MARANHAO;5460;4
MARANHAO;5479;5
MARANHAO;5487;11
MARANHAO;5509;22
MARANHAO;5525;2
MARANHAO;5541;25
MARANHAO;5550;30
MARANHAO;5568;9
MARANHAO;5614;24
MARANHAO;5622;2
MARANHAO;5649;1
MARANHAO;5665;22
MARANHAO;5673;7
MARANHAO;5681;2
MARANHAO;5690;1
MARANHAO;5703;24
MARANHAO;5711;7
MARANHAO;5720;26
MARANHAO;5738;50
MARANHAO;5746;8
MARANHAO;5770;5
MARANHAO;5797;30
MARANHAO;5800;3
MARANHAO;5819;193
MARANHAO;5827;1
MARANHAO;5835;226
MARANHAO;5843;6
MARANHAO;5860;23
MARANHAO;5878;22
MARANHAO;5908;88
MARANHAO;5924;1
MARANHAO;5940;17
MARANHAO;5959;8
MARANHAO;5967;809
MARANHAO;5975;18
MARANHAO;5991;16
MARANHAO;6009;1
MARANHAO;6017;88
MARANHAO;6025;2
MARANHAO;6033;2
MARANHAO;6041;54
MARANHAO;6050;51
MARANHAO;6068;15
MARANHAO;6076;12
MARANHAO;6084;4
MARANHAO;6122;2
MARANHAO;6173;1
MARANHAO;6181;1
MARANHAO;6270;7
MARANHAO;6297;1
MARANHAO;6378;2
MARANHAO;6408;24
MARANHAO;6432;2
MARANHAO;6440;1
MARANHAO;6459;1
MARANHAO;6530;2
MARANHAO;6556;17
MARANHAO;6564;64
MARANHAO;6580;55
MARANHAO;6599;1080
MARANHAO;6602;59
MARANHAO;6610;27
MARANHAO;6637;321
MARANHAO;6645;296
MARANHAO;6653;9
MARANHAO;6661;49
MARANHAO;6670;170
MARANHAO;6688;34
MARANHAO;6700;111
MARANHAO;6726;268
MARANHAO;6750;12
MARANHAO;6769;158
MARANHAO;6777;1
MARANHAO;6785;13
MARANHAO;6823;7
MARANHAO;6831;1
MARANHAO;6840;13
MARANHAO;6858;212
MARANHAO;6866;29
MARANHAO;6904;2
MARANHAO;6912;76
MARANHAO;6920;2
MARANHAO;6939;2
MARANHAO;6947;46
MARANHAO;6955;3
MARANHAO;6963;6
MARANHAO;7030;515
MARANHAO;7048;601
MARANHAO;7064;11
MARANHAO;7072;14
MARANHAO;7080;3
MARANHAO;7099;1
MARANHAO;7102;1
MARANHAO;7218;2
MARANHAO;7234;9
MARANHAO;7242;2062
MARANHAO;7285;10
MARANHAO;7315;1
MARANHAO;7340;115
MARANHAO;7366;31
MARANHAO;7374;1
MARANHAO;7455;4035
MARANHAO;7463;1127
MARANHAO;7471;115
MARANHAO;7552;5
MARANHAO;7560;54
MARANHAO;7579;80
MARANHAO;7587;10
MARANHAO;7617;1
MARANHAO;7625;9
MARANHAO;7633;30
MATO GROSSO;5002;16
MATO GROSSO;5010;606
MATO GROSSO;5029;13
MATO GROSSO;5037;70
MATO GROSSO;5045;334
MATO GROSSO;5053;26
MATO GROSSO;5061;19
MATO GROSSO;5070;1
MATO GROSSO;5088;4
MATO GROSSO;5096;11
MATO GROSSO;5118;141
MATO GROSSO;5126;3
MATO GROSSO;5134;17
MATO GROSSO;5142;34
MATO GROSSO;5150;4
MATO GROSSO;5169;199
MATO GROSSO;5177;4
MATO GROSSO;5185;1101
MATO GROSSO;5193;150
MATO GROSSO;5207;87
MATO GROSSO;5231;4
MATO GROSSO;5258;1
MATO GROSSO;5274;41
MATO GROSSO;5282;2
MATO GROSSO;5320;1
MATO GROSSO;5347;1
MATO GROSSO;5371;4
MATO GROSSO;5380;12
MATO GROSSO;5398;1
MATO GROSSO;5410;21
MATO GROSSO;5428;30
MATO GROSSO;5444;35
MATO GROSSO;5452;161
MATO GROSSO;5460;12
MATO GROSSO;5479;7
MATO GROSSO;5487;17
MATO GROSSO;5509;25
MATO GROSSO;5517;2
MATO GROSSO;5525;14
MATO GROSSO;5541;73
MATO GROSSO;5550;120
MATO GROSSO;5568;130
MATO GROSSO;5592;3
MATO GROSSO;5614;29
MATO GROSSO;5622;5
MATO GROSSO;5665;2
MATO GROSSO;5673;42
MATO GROSSO;5681;12
MATO GROSSO;5690;5
MATO GROSSO;5703;40
MATO GROSSO;5711;68
MATO GROSSO;5720;81
MATO GROSSO;5738;44
MATO GROSSO;5746;51
MATO GROSSO;5762;2
MATO GROSSO;5770;13
MATO GROSSO;5797;41
MATO GROSSO;5800;16
MATO GROSSO;5819;139
MATO GROSSO;5827;1
MATO GROSSO;5835;224
MATO GROSSO;5843;20
MATO GROSSO;5851;20
MATO GROSSO;5860;6
MATO GROSSO;5878;13
MATO GROSSO;5908;21
MATO GROSSO;5916;1
MATO GROSSO;5924;30
MATO GROSSO;5940;27
MATO GROSSO;5959;33
MATO GROSSO;5967;1409
MATO GROSSO;5975;71
MATO GROSSO;5991;18
MATO GROSSO;6017;20
MATO GROSSO;6025;1
MATO GROSSO;6033;2
MATO GROSSO;6041;104
MATO GROSSO;6050;455
MATO GROSSO;6068;75
MATO GROSSO;6076;5
MATO GROSSO;6084;33
MATO GROSSO;6122;9
MATO GROSSO;6130;1
MATO GROSSO;6149;1
MATO GROSSO;6173;3
MATO GROSSO;6181;3
MATO GROSSO;6270;26
MATO GROSSO;6408;79
MATO GROSSO;6432;2
MATO GROSSO;6459;8
MATO GROSSO;6530;6
MATO GROSSO;6548;1
MATO GROSSO;6556;37
MATO GROSSO;6564;20
MATO GROSSO;6572;2
MATO GROSSO;6580;64
MATO GROSSO;6599;1041
MATO GROSSO;6602;154
MATO GROSSO;6610;45
MATO GROSSO;6629;3
MATO GROSSO;6637;592
MATO GROSSO;6645;704
MATO GROSSO;6653;46
MATO GROSSO;6661;32
MATO GROSSO;6670;224
MATO GROSSO;6688;38
MATO GROSSO;6696;7
MATO GROSSO;6700;225
MATO GROSSO;6726;529
MATO GROSSO;6742;1
MATO GROSSO;6750;12
MATO GROSSO;6769;340
MATO GROSSO;6785;6
MATO GROSSO;6807;2
MATO GROSSO;6815;1
MATO GROSSO;6823;30
MATO GROSSO;6831;12
MATO GROSSO;6840;231
MATO GROSSO;6858;99
MATO GROSSO;6866;1
MATO GROSSO;6904;5
MATO GROSSO;6912;150
MATO GROSSO;6920;6
MATO GROSSO;6939;1
MATO GROSSO;6947;101
MATO GROSSO;6963;44
MATO GROSSO;6971;1
MATO GROSSO;6980;2
MATO GROSSO;7030;22
MATO GROSSO;7048;11
MATO GROSSO;7056;1
MATO GROSSO;7064;24
MATO GROSSO;7072;25
MATO GROSSO;7080;1
MATO GROSSO;7099;4
MATO GROSSO;7218;3
MATO GROSSO;7234;15
MATO GROSSO;7242;1793
MATO GROSSO;7277;8
MATO GROSSO;7285;2
MATO GROSSO;7307;2
MATO GROSSO;7315;4
MATO GROSSO;7340;198
MATO GROSSO;7358;1
MATO GROSSO;7366;85
MATO GROSSO;7374;2
MATO GROSSO;7455;41242
MATO GROSSO;7463;11061
MATO GROSSO;7471;1406
MATO GROSSO;7560;170
MATO GROSSO;7579;95
MATO GROSSO;7587;9
MATO GROSSO;7617;2
MATO GROSSO;7625;38
MATO GROSSO;7633;137
MATO GROSSO DO SUL;5002;16
MATO GROSSO DO SUL;5010;343
MATO GROSSO DO SUL;5029;17
MATO GROSSO DO SUL;5037;52
MATO GROSSO DO SUL;5045;250
MATO GROSSO DO SUL;5053;39
MATO GROSSO DO SUL;5061;8
MATO GROSSO DO SUL;5070;1
MATO GROSSO DO SUL;5088;1
MATO GROSSO DO SUL;5096;7
MATO GROSSO DO SUL;5118;29
MATO GROSSO DO SUL;5126;1
MATO GROSSO DO SUL;5134;6
MATO GROSSO DO SUL;5142;15
MATO GROSSO DO SUL;5150;4
MATO GROSSO DO SUL;5169;143
MATO GROSSO DO SUL;5177;5
MATO GROSSO DO SUL;5185;545
MATO GROSSO DO SUL;5193;106
MATO GROSSO DO SUL;5207;50
MATO GROSSO DO SUL;5215;2
MATO GROSSO DO SUL;5231;7
MATO GROSSO DO SUL;5274;2
MATO GROSSO DO SUL;5371;7
MATO GROSSO DO SUL;5380;6
MATO GROSSO DO SUL;5401;2
MATO GROSSO DO SUL;5410;3
MATO GROSSO DO SUL;5428;4
MATO GROSSO DO SUL;5444;10
MATO GROSSO DO SUL;5452;23
MATO GROSSO DO SUL;5460;3
MATO GROSSO DO SUL;5487;2
MATO GROSSO DO SUL;5509;1
MATO GROSSO DO SUL;5517;1
MATO GROSSO DO SUL;5525;4
MATO GROSSO DO SUL;5541;58
MATO GROSSO DO SUL;5550;41
MATO GROSSO DO SUL;5568;68
MATO GROSSO DO SUL;5606;1
MATO GROSSO DO SUL;5614;6
MATO GROSSO DO SUL;5622;2
MATO GROSSO DO SUL;5673;5
MATO GROSSO DO SUL;5681;5
MATO GROSSO DO SUL;5690;5
MATO GROSSO DO SUL;5703;20
MATO GROSSO DO SUL;5711;20
MATO GROSSO DO SUL;5720;28
MATO GROSSO DO SUL;5738;11
MATO GROSSO DO SUL;5746;87
MATO GROSSO DO SUL;5770;6
MATO GROSSO DO SUL;5797;25
MATO GROSSO DO SUL;5800;10
MATO GROSSO DO SUL;5819;34
MATO GROSSO DO SUL;5827;1
MATO GROSSO DO SUL;5835;165
MATO GROSSO DO SUL;5843;4
MATO GROSSO DO SUL;5851;2
MATO GROSSO DO SUL;5878;5
MATO GROSSO DO SUL;5908;27
MATO GROSSO DO SUL;5916;1
MATO GROSSO DO SUL;5924;8
MATO GROSSO DO SUL;5940;5
MATO GROSSO DO SUL;5959;5
MATO GROSSO DO SUL;5967;804
MATO GROSSO DO SUL;5975;47
MATO GROSSO DO SUL;5991;2
MATO GROSSO DO SUL;6009;2
MATO GROSSO DO SUL;6017;9
MATO GROSSO DO SUL;6041;31
MATO GROSSO DO SUL;6050;93
MATO GROSSO DO SUL;6068;105
MATO GROSSO DO SUL;6084;10
MATO GROSSO DO SUL;6122;4
MATO GROSSO DO SUL;6173;4
MATO GROSSO DO SUL;6181;4
MATO GROSSO DO SUL;6190;1
MATO GROSSO DO SUL;6270;25
MATO GROSSO DO SUL;6300;1
MATO GROSSO DO SUL;6335;1
MATO GROSSO DO SUL;6394;1
MATO GROSSO DO SUL;6408;102
MATO GROSSO DO SUL;6432;2
MATO GROSSO DO SUL;6440;1
MATO GROSSO DO SUL;6459;2
MATO GROSSO DO SUL;6491;1
MATO GROSSO DO SUL;6530;8
MATO GROSSO DO SUL;6556;20
MATO GROSSO DO SUL;6564;7
MATO GROSSO DO SUL;6580;28
MATO GROSSO DO SUL;6599;1001
MATO GROSSO DO SUL;6602;153
MATO GROSSO DO SUL;6610;88
MATO GROSSO DO SUL;6629;3
MATO GROSSO DO SUL;6637;286
MATO GROSSO DO SUL;6645;303
MATO GROSSO DO SUL;6653;28
MATO GROSSO DO SUL;6661;40
MATO GROSSO DO SUL;6670;238
MATO GROSSO DO SUL;6688;16
MATO GROSSO DO SUL;6696;2
MATO GROSSO DO SUL;6700;169
MATO GROSSO DO SUL;6726;372
MATO GROSSO DO SUL;6742;2
MATO GROSSO DO SUL;6750;13
MATO GROSSO DO SUL;6769;257
MATO GROSSO DO SUL;6785;4
MATO GROSSO DO SUL;6807;1
MATO GROSSO DO SUL;6823;26
MATO GROSSO DO SUL;6831;3
MATO GROSSO DO SUL;6840;55
MATO GROSSO DO SUL;6858;65
MATO GROSSO DO SUL;6866;4
MATO GROSSO DO SUL;6890;1
MATO GROSSO DO SUL;6904;4
MATO GROSSO DO SUL;6912;129
MATO GROSSO DO SUL;6920;30
MATO GROSSO DO SUL;6947;71
MATO GROSSO DO SUL;6955;1
MATO GROSSO DO SUL;6963;27
MATO GROSSO DO SUL;6971;1
MATO GROSSO DO SUL;7030;6
MATO GROSSO DO SUL;7048;5
MATO GROSSO DO SUL;7056;1
MATO GROSSO DO SUL;7064;4
MATO GROSSO DO SUL;7072;1
MATO GROSSO DO SUL;7099;1
MATO GROSSO DO SUL;7218;4
MATO GROSSO DO SUL;7234;4
MATO GROSSO DO SUL;7242;1177
MATO GROSSO DO SUL;7277;7
MATO GROSSO DO SUL;7285;5
MATO GROSSO DO SUL;7307;1
MATO GROSSO DO SUL;7315;3
MATO GROSSO DO SUL;7340;35
MATO GROSSO DO SUL;7358;3
MATO GROSSO DO SUL;7366;20
MATO GROSSO DO SUL;7455;44226
MATO GROSSO DO SUL;7463;10464
MATO GROSSO DO SUL;7471;1209
MATO GROSSO DO SUL;7560;42
MATO GROSSO DO SUL;7579;66
MATO GROSSO DO SUL;7587;9
MATO GROSSO DO SUL;7633;38
MINAS GERAIS;5002;494
MINAS GERAIS;5010;2208
MINAS GERAIS;5029;113
MINAS GERAIS;5037;391
MINAS GERAIS;5045;790
MINAS GERAIS;5053;251
MINAS GERAIS;5061;64
MINAS GERAIS;5070;4
MINAS GERAIS;5088;9
MINAS GERAIS;5096;23
MINAS GERAIS;5100;1
MINAS GERAIS;5118;484
MINAS GERAIS;5126;19
MINAS GERAIS;5134;79
MINAS GERAIS;5142;118
MINAS GERAIS;5150;27
MINAS GERAIS;5169;1035
MINAS GERAIS;5177;33
MINAS GERAIS;5185;8914
MINAS GERAIS;5193;491
MINAS GERAIS;5207;1026
MINAS GERAIS;5215;95
MINAS GERAIS;5223;3
MINAS GERAIS;5231;45
MINAS GERAIS;5240;4
MINAS GERAIS;5258;10
MINAS GERAIS;5266;15
MINAS GERAIS;5274;90
MINAS GERAIS;5282;19
MINAS GERAIS;5290;2
MINAS GERAIS;5304;12
MINAS GERAIS;5320;14
MINAS GERAIS;5347;8
MINAS GERAIS;5355;10
MINAS GERAIS;5363;1
MINAS GERAIS;5371;17
MINAS GERAIS;5380;138
MINAS GERAIS;5398;16
MINAS GERAIS;5401;27
MINAS GERAIS;5410;36
MINAS GERAIS;5428;315
MINAS GERAIS;5436;3
MINAS GERAIS;5444;357
MINAS GERAIS;5452;1317
MINAS GERAIS;5460;182
MINAS GERAIS;5479;24
MINAS GERAIS;5487;260
MINAS GERAIS;5495;3
MINAS GERAIS;5509;377
MINAS GERAIS;5517;19
MINAS GERAIS;5525;227
MINAS GERAIS;5541;6526
MINAS GERAIS;5550;2031
MINAS GERAIS;5568;1370
MINAS GERAIS;5576;7
MINAS GERAIS;5584;4
MINAS GERAIS;5592;110
MINAS GERAIS;5606;10
MINAS GERAIS;5614;221
MINAS GERAIS;5622;132
MINAS GERAIS;5630;23
MINAS GERAIS;5649;2
MINAS GERAIS;5657;12
MINAS GERAIS;5665;164
MINAS GERAIS;5673;200
MINAS GERAIS;5681;77
MINAS GERAIS;5690;497
MINAS GERAIS;5703;405
MINAS GERAIS;5711;380
MINAS GERAIS;5720;435
MINAS GERAIS;5738;665
MINAS GERAIS;5746;666
MINAS GERAIS;5762;7
MINAS GERAIS;5770;81
MINAS GERAIS;5789;2
MINAS GERAIS;5797;284
MINAS GERAIS;5800;928
MINAS GERAIS;5819;2280
MINAS GERAIS;5827;41
MINAS GERAIS;5835;1006
MINAS GERAIS;5843;380
MINAS GERAIS;5851;44
MINAS GERAIS;5860;109
MINAS GERAIS;5878;148
MINAS GERAIS;5886;2
MINAS GERAIS;5894;5
MINAS GERAIS;5908;543
MINAS GERAIS;5916;12
MINAS GERAIS;5924;40
MINAS GERAIS;5932;4
MINAS GERAIS;5940;162
MINAS GERAIS;5959;54
MINAS GERAIS;5967;9469
MINAS GERAIS;5975;254
MINAS GERAIS;5983;1
MINAS GERAIS;5991;300
MINAS GERAIS;6009;9
MINAS GERAIS;6017;114
MINAS GERAIS;6025;24
MINAS GERAIS;6033;27
MINAS GERAIS;6041;807
MINAS GERAIS;6050;7901
MINAS GERAIS;6068;1458
MINAS GERAIS;6076;57
MINAS GERAIS;6084;39
MINAS GERAIS;6122;170
MINAS GERAIS;6130;13
MINAS GERAIS;6149;1
MINAS GERAIS;6157;6
MINAS GERAIS;6173;28
MINAS GERAIS;6181;51
MINAS GERAIS;6190;8
MINAS GERAIS;6203;1
MINAS GERAIS;6270;581
MINAS GERAIS;6297;1
MINAS GERAIS;6319;13
MINAS GERAIS;6327;1
MINAS GERAIS;6335;4
MINAS GERAIS;6343;1
MINAS GERAIS;6378;2
MINAS GERAIS;6394;16
MINAS GERAIS;6408;371
MINAS GERAIS;6432;23
MINAS GERAIS;6440;6
MINAS GERAIS;6459;25
MINAS GERAIS;6483;6
MINAS GERAIS;6491;15
MINAS GERAIS;6505;1
MINAS GERAIS;6530;502
MINAS GERAIS;6548;7
MINAS GERAIS;6556;119
MINAS GERAIS;6564;86
MINAS GERAIS;6572;2
MINAS GERAIS;6580;111
MINAS GERAIS;6599;3376
MINAS GERAIS;6602;772
MINAS GERAIS;6610;457
MINAS GERAIS;6629;2
MINAS GERAIS;6637;1846
MINAS GERAIS;6645;2357
MINAS GERAIS;6653;263
MINAS GERAIS;6661;290
MINAS GERAIS;6670;1703
MINAS GERAIS;6688;132
MINAS GERAIS;6696;36
MINAS GERAIS;6700;1003
MINAS GERAIS;6726;3059
MINAS GERAIS;6734;1
MINAS GERAIS;6742;4
MINAS GERAIS;6750;75
MINAS GERAIS;6769;1160
MINAS GERAIS;6785;76
MINAS GERAIS;6793;3
MINAS GERAIS;6807;6
MINAS GERAIS;6823;141
MINAS GERAIS;6831;111
MINAS GERAIS;6840;187
MINAS GERAIS;6858;292
MINAS GERAIS;6866;92
MINAS GERAIS;6874;1
MINAS GERAIS;6882;1
MINAS GERAIS;6890;1
MINAS GERAIS;6904;21
MINAS GERAIS;6912;611
MINAS GERAIS;6920;91
MINAS GERAIS;6939;4
MINAS GERAIS;6947;254
MINAS GERAIS;6955;5
MINAS GERAIS;6963;131
MINAS GERAIS;6971;8
MINAS GERAIS;6980;4
MINAS GERAIS;7030;63
MINAS GERAIS;7048;46
MINAS GERAIS;7056;60
MINAS GERAIS;7064;136
MINAS GERAIS;7072;7
MINAS GERAIS;7080;1
MINAS GERAIS;7099;36
MINAS GERAIS;7102;13
MINAS GERAIS;7218;22
MINAS GERAIS;7226;1
MINAS GERAIS;7234;155
MINAS GERAIS;7242;15370
MINAS GERAIS;7250;1
MINAS GERAIS;7269;4
MINAS GERAIS;7277;51
MINAS GERAIS;7285;12
MINAS GERAIS;7293;23
MINAS GERAIS;7307;14
MINAS GERAIS;7315;32
MINAS GERAIS;7323;4
MINAS GERAIS;7340;832
MINAS GERAIS;7358;65
MINAS GERAIS;7366;775
MINAS GERAIS;7374;12
MINAS GERAIS;7455;280580
MINAS GERAIS;7463;51487
MINAS GERAIS;7471;5249
MINAS GERAIS;7552;5
MINAS GERAIS;7560;420
MINAS GERAIS;7579;1073
MINAS GERAIS;7587;3352
MINAS GERAIS;7617;6
MINAS GERAIS;7625;678
MINAS GERAIS;7633;3619
PARA;5002;4
PARA;5010;551
PARA;5029;2
PARA;5037;18
PARA;5045;183
PARA;5053;21
PARA;5061;20
PARA;5096;5
PARA;5118;171
PARA;5126;1
PARA;5134;8
PARA;5142;43
PARA;5150;4
PARA;5169;114
PARA;5177;4
PARA;5185;392
PARA;5193;104
PARA;5207;39
PARA;5215;10
PARA;5231;3
PARA;5240;1
PARA;5266;1
PARA;5274;5
PARA;5282;1
PARA;5290;1
PARA;5304;1
PARA;5312;1
PARA;5320;1
PARA;5347;2
PARA;5371;2
PARA;5380;2
PARA;5398;1
PARA;5428;35
PARA;5444;77
PARA;5452;21
PARA;5460;1
PARA;5479;1
PARA;5487;4
PARA;5509;10
PARA;5525;1
PARA;5541;28
PARA;5550;10
PARA;5568;13
PARA;5576;1
PARA;5614;37
PARA;5622;1
PARA;5657;2
PARA;5665;3
PARA;5673;6
PARA;5681;12
PARA;5690;4
PARA;5703;23
PARA;5711;16
PARA;5720;65
PARA;5738;26
PARA;5746;16
PARA;5770;7
PARA;5797;57
PARA;5800;6
PARA;5819;247
PARA;5827;1
PARA;5835;182
PARA;5843;10
PARA;5851;2
PARA;5860;19
PARA;5878;12
PARA;5908;88
PARA;5916;2
PARA;5924;6
PARA;5940;6
PARA;5959;25
PARA;5967;1250
PARA;5975;27
PARA;5991;19
PARA;6009;2
PARA;6017;28
PARA;6025;9
PARA;6033;3
PARA;6041;28
PARA;6050;82
PARA;6068;23
PARA;6076;9
PARA;6084;6
PARA;6122;4
PARA;6173;3
PARA;6181;1
PARA;6190;1
PARA;6270;10
PARA;6378;1
PARA;6394;2
PARA;6408;90
PARA;6432;1
PARA;6459;6
PARA;6530;2
PARA;6556;27
PARA;6564;31
PARA;6572;3
PARA;6580;57
PARA;6599;727
PARA;6602;57
PARA;6610;29
PARA;6629;1
PARA;6637;332
PARA;6645;322
PARA;6653;14
PARA;6661;26
PARA;6670;280
PARA;6688;32
PARA;6696;5
PARA;6700;118
PARA;6726;315
PARA;6750;12
PARA;6769;176
PARA;6785;13
PARA;6823;23
PARA;6831;1
PARA;6840;21
PARA;6858;182
PARA;6866;7
PARA;6882;1
PARA;6904;19
PARA;6912;101
PARA;6920;4
PARA;6947;67
PARA;6955;1
PARA;6963;14
PARA;6971;1
PARA;7030;387
PARA;7048;235
PARA;7056;1
PARA;7064;6
PARA;7072;9
PARA;7080;1
PARA;7099;2
PARA;7102;2
PARA;7218;5
PARA;7234;10
PARA;7242;695
PARA;7277;1
PARA;7285;1
PARA;7293;4
PARA;7307;1
PARA;7315;1
PARA;7340;132
PARA;7358;3
PARA;7366;23
PARA;7455;5046
PARA;7463;1206
PARA;7471;133
PARA;7552;1
PARA;7560;79
PARA;7579;139
PARA;7587;7
PARA;7617;1
PARA;7625;4
PARA;7633;29
PARAIBA;5010;686
PARAIBA;5029;44
PARAIBA;5037;57
PARAIBA;5045;169
PARAIBA;5053;37
PARAIBA;5061;29
PARAIBA;5070;1
PARAIBA;5088;4
PARAIBA;5096;6
PARAIBA;5100;1
PARAIBA;5118;196
PARAIBA;5126;8
PARAIBA;5134;15
PARAIBA;5142;34
PARAIBA;5150;1
PARAIBA;5169;54
PARAIBA;5177;3
PARAIBA;5185;813
PARAIBA;5193;119
PARAIBA;5207;52
PARAIBA;5215;8
PARAIBA;5231;3
PARAIBA;5266;1
PARAIBA;5274;3
PARAIBA;5282;1
PARAIBA;5290;1
PARAIBA;5304;3
PARAIBA;5320;1
PARAIBA;5355;1
PARAIBA;5371;4
PARAIBA;5380;85
PARAIBA;5398;5
PARAIBA;5401;7
PARAIBA;5410;14
PARAIBA;5428;31
PARAIBA;5444;49
PARAIBA;5452;1509
PARAIBA;5460;44
PARAIBA;5479;50
PARAIBA;5487;233
PARAIBA;5495;1
PARAIBA;5509;110
PARAIBA;5517;1
PARAIBA;5525;5
PARAIBA;5541;605
PARAIBA;5550;1214
PARAIBA;5568;89
PARAIBA;5606;5
PARAIBA;5614;30
PARAIBA;5622;21
PARAIBA;5649;2
PARAIBA;5657;3
PARAIBA;5665;6
PARAIBA;5673;608
PARAIBA;5681;31
PARAIBA;5690;7
PARAIBA;5703;7
PARAIBA;5711;73
PARAIBA;5720;43
PARAIBA;5738;332
PARAIBA;5746;14
PARAIBA;5762;51
PARAIBA;5770;21
PARAIBA;5789;2
PARAIBA;5797;16
PARAIBA;5800;42
PARAIBA;5819;412
PARAIBA;5827;2
PARAIBA;5835;297
PARAIBA;5843;15
PARAIBA;5851;1
PARAIBA;5860;14
PARAIBA;5878;7
PARAIBA;5908;56
PARAIBA;5924;1
PARAIBA;5940;6
PARAIBA;5959;6
PARAIBA;5967;487
PARAIBA;5975;70
PARAIBA;5991;27
PARAIBA;6017;55
PARAIBA;6025;3
PARAIBA;6033;2
PARAIBA;6041;44
PARAIBA;6050;1511
PARAIBA;6068;37
PARAIBA;6076;3
PARAIBA;6084;5
PARAIBA;6122;21
PARAIBA;6130;2
PARAIBA;6149;2
PARAIBA;6173;7
PARAIBA;6181;11
PARAIBA;6190;1
PARAIBA;6270;5
PARAIBA;6394;1
PARAIBA;6408;76
PARAIBA;6459;1
PARAIBA;6483;3
PARAIBA;6530;1
PARAIBA;6556;27
PARAIBA;6564;55
PARAIBA;6580;22
PARAIBA;6599;1016
PARAIBA;6602;104
PARAIBA;6610;41
PARAIBA;6629;3
PARAIBA;6637;368
PARAIBA;6645;246
PARAIBA;6653;53
PARAIBA;6661;33
PARAIBA;6670;253
PARAIBA;6688;20
PARAIBA;6696;2
PARAIBA;6700;163
PARAIBA;6726;415
PARAIBA;6742;9
PARAIBA;6750;12
PARAIBA;6769;121
PARAIBA;6785;17
PARAIBA;6807;2
PARAIBA;6823;4
PARAIBA;6831;1
PARAIBA;6840;16
PARAIBA;6858;175
PARAIBA;6866;18
PARAIBA;6904;9
PARAIBA;6912;85
PARAIBA;6920;4
PARAIBA;6947;53
PARAIBA;6955;1
PARAIBA;6963;10
PARAIBA;6971;4
PARAIBA;6980;1
PARAIBA;7030;593
PARAIBA;7048;1082
PARAIBA;7056;4
PARAIBA;7064;36
PARAIBA;7072;31
PARAIBA;7099;5
PARAIBA;7218;10
PARAIBA;7234;18
PARAIBA;7242;1884
PARAIBA;7269;2
PARAIBA;7277;1
PARAIBA;7285;1
PARAIBA;7307;3
PARAIBA;7315;2
PARAIBA;7331;1
PARAIBA;7340;200
PARAIBA;7358;3
PARAIBA;7366;269
PARAIBA;7455;8794
PARAIBA;7463;1911
PARAIBA;7471;157
PARAIBA;7560;76
PARAIBA;7579;127
PARAIBA;7587;207
PARAIBA;7625;189
PARAIBA;7633;492
PARANA;5002;1239
PARANA;5010;2684
PARANA;5029;789
PARANA;5037;207
PARANA;5045;712
PARANA;5053;135
PARANA;5061;75
PARANA;5070;19
PARANA;5088;7
PARANA;5096;25
PARANA;5100;4
PARANA;5118;1748
PARANA;5126;260
PARANA;5134;69
PARANA;5142;233
PARANA;5150;8
PARANA;5169;1088
PARANA;5177;49
PARANA;5185;5276
PARANA;5193;777
PARANA;5207;616
PARANA;5215;131
PARANA;5231;51
PARANA;5240;10
PARANA;5258;1
PARANA;5266;6
PARANA;5274;487
PARANA;5282;22
PARANA;5290;7
PARANA;5304;8
PARANA;5320;25
PARANA;5347;16
PARANA;5355;3
PARANA;5371;29
PARANA;5380;176
PARANA;5398;14
PARANA;5401;12
PARANA;5410;79
PARANA;5428;172
PARANA;5436;1
PARANA;5444;240
PARANA;5452;2462
PARANA;5460;516
PARANA;5479;76
PARANA;5487;424
PARANA;5495;24
PARANA;5509;205
PARANA;5525;284
PARANA;5533;1
PARANA;5541;9745
PARANA;5550;6018
PARANA;5568;1688
PARANA;5576;8
PARANA;5584;1
PARANA;5592;147
PARANA;5606;14
PARANA;5614;70
PARANA;5622;116
PARANA;5630;84
PARANA;5657;9
PARANA;5665;132
PARANA;5673;960
PARANA;5681;95
PARANA;5690;7
PARANA;5703;1464
PARANA;5711;857
PARANA;5720;223
PARANA;5738;559
PARANA;5746;489
PARANA;5762;17
PARANA;5770;95
PARANA;5789;6
PARANA;5797;96
PARANA;5800;204
PARANA;5819;1086
PARANA;5827;27
PARANA;5835;593
PARANA;5843;328
PARANA;5851;80
PARANA;5860;38
PARANA;5878;105
PARANA;5894;3
PARANA;5908;100
PARANA;5916;9
PARANA;5924;17
PARANA;5940;43
PARANA;5959;40
PARANA;5967;3558
PARANA;5975;178
PARANA;5991;372
PARANA;6009;6
PARANA;6017;61
PARANA;6025;30
PARANA;6033;28
PARANA;6041;1270
PARANA;6050;9741
PARANA;6068;1380
PARANA;6076;43
PARANA;6084;51
PARANA;6122;169
PARANA;6130;6
PARANA;6157;3
PARANA;6165;1
PARANA;6173;18
PARANA;6181;55
PARANA;6190;35
PARANA;6262;2
PARANA;6270;220
PARANA;6289;1
PARANA;6297;3
PARANA;6319;14
PARANA;6327;2
PARANA;6335;3
PARANA;6343;1
PARANA;6360;1
PARANA;6378;10
PARANA;6386;1
PARANA;6394;8
PARANA;6408;468
PARANA;6432;26
PARANA;6440;2
PARANA;6459;22
PARANA;6483;17
PARANA;6491;15
PARANA;6505;1
PARANA;6530;596
PARANA;6548;6
PARANA;6556;131
PARANA;6564;74
PARANA;6572;3
PARANA;6580;193
PARANA;6599;4322
PARANA;6602;981
PARANA;6610;537
PARANA;6629;6
PARANA;6637;1643
PARANA;6645;1606
PARANA;6653;554
PARANA;6661;152
PARANA;6670;882
PARANA;6688;75
PARANA;6696;14
PARANA;6700;508
PARANA;6726;1858
PARANA;6742;16
PARANA;6750;80
PARANA;6769;1000
PARANA;6777;1
PARANA;6785;22
PARANA;6793;1
PARANA;6807;5
PARANA;6823;68
PARANA;6831;79
PARANA;6840;184
PARANA;6858;150
PARANA;6866;20
PARANA;6882;3
PARANA;6904;29
PARANA;6912;453
PARANA;6920;9709
PARANA;6939;2
PARANA;6947;191
PARANA;6955;3
PARANA;6963;111
PARANA;6971;19
PARANA;6980;4
PARANA;7005;1
PARANA;7030;131
PARANA;7048;49
PARANA;7056;142
PARANA;7064;64
PARANA;7072;9
PARANA;7099;35
PARANA;7102;7
PARANA;7218;10
PARANA;7226;5
PARANA;7234;214
PARANA;7242;6229
PARANA;7277;69
PARANA;7285;451
PARANA;7293;11
PARANA;7307;5
PARANA;7315;76
PARANA;7323;70
PARANA;7340;521
PARANA;7358;69
PARANA;7366;628
PARANA;7374;5
PARANA;7455;143288
PARANA;7463;37386
PARANA;7471;4607
PARANA;7552;4
PARANA;7560;287
PARANA;7579;992
PARANA;7587;1458
PARANA;7595;1
PARANA;7617;5
PARANA;7625;967
PARANA;7633;4382
PERNAMBUCO;5002;7
PERNAMBUCO;5010;1299
PERNAMBUCO;5029;15
PERNAMBUCO;5037;60
PERNAMBUCO;5045;321
PERNAMBUCO;5053;103
PERNAMBUCO;5061;53
PERNAMBUCO;5070;2
PERNAMBUCO;5088;1
PERNAMBUCO;5096;15
PERNAMBUCO;5100;1
PERNAMBUCO;5118;576
PERNAMBUCO;5126;4
PERNAMBUCO;5134;19
PERNAMBUCO;5142;101
PERNAMBUCO;5150;14
PERNAMBUCO;5169;194
PERNAMBUCO;5177;6
PERNAMBUCO;5185;1031
PERNAMBUCO;5193;145
PERNAMBUCO;5207;700
PERNAMBUCO;5215;51
PERNAMBUCO;5223;3
PERNAMBUCO;5231;5
PERNAMBUCO;5240;1
PERNAMBUCO;5258;1
PERNAMBUCO;5266;3
PERNAMBUCO;5274;127
PERNAMBUCO;5282;4
PERNAMBUCO;5290;2
PERNAMBUCO;5304;5
PERNAMBUCO;5320;8
PERNAMBUCO;5347;2
PERNAMBUCO;5355;4
PERNAMBUCO;5371;7
PERNAMBUCO;5380;50
PERNAMBUCO;5398;3
PERNAMBUCO;5401;1
PERNAMBUCO;5410;20
PERNAMBUCO;5428;281
PERNAMBUCO;5444;198
PERNAMBUCO;5452;1056
PERNAMBUCO;5460;58
PERNAMBUCO;5479;43
PERNAMBUCO;5487;99
PERNAMBUCO;5509;36
PERNAMBUCO;5525;89
PERNAMBUCO;5541;895
PERNAMBUCO;5550;1366
PERNAMBUCO;5568;189
PERNAMBUCO;5592;1
PERNAMBUCO;5614;68
PERNAMBUCO;5622;50
PERNAMBUCO;5630;46
PERNAMBUCO;5649;1
PERNAMBUCO;5665;19
PERNAMBUCO;5673;95
PERNAMBUCO;5681;14
PERNAMBUCO;5690;23
PERNAMBUCO;5703;40
PERNAMBUCO;5711;169
PERNAMBUCO;5720;69
PERNAMBUCO;5738;227
PERNAMBUCO;5746;217
PERNAMBUCO;5762;8
PERNAMBUCO;5770;50
PERNAMBUCO;5789;2
PERNAMBUCO;5797;62
PERNAMBUCO;5800;20
PERNAMBUCO;5819;976
PERNAMBUCO;5827;18
PERNAMBUCO;5835;412
PERNAMBUCO;5843;65
PERNAMBUCO;5851;82
PERNAMBUCO;5860;141
PERNAMBUCO;5878;23
PERNAMBUCO;5894;1
PERNAMBUCO;5908;177
PERNAMBUCO;5924;11
PERNAMBUCO;5940;20
PERNAMBUCO;5959;20
PERNAMBUCO;5967;1057
PERNAMBUCO;5975;52
PERNAMBUCO;5991;75
PERNAMBUCO;6009;13
PERNAMBUCO;6017;112
PERNAMBUCO;6025;11
PERNAMBUCO;6033;26
PERNAMBUCO;6041;165
PERNAMBUCO;6050;1112
PERNAMBUCO;6068;30
PERNAMBUCO;6076;43
PERNAMBUCO;6084;35
PERNAMBUCO;6122;22
PERNAMBUCO;6130;7
PERNAMBUCO;6173;5
PERNAMBUCO;6181;3
PERNAMBUCO;6190;7
PERNAMBUCO;6262;2
PERNAMBUCO;6270;72
PERNAMBUCO;6297;1
PERNAMBUCO;6319;1
PERNAMBUCO;6394;3
PERNAMBUCO;6408;158
PERNAMBUCO;6432;4
PERNAMBUCO;6440;2
PERNAMBUCO;6459;4
PERNAMBUCO;6483;6
PERNAMBUCO;6491;10
PERNAMBUCO;6530;6
PERNAMBUCO;6548;1
PERNAMBUCO;6556;77
PERNAMBUCO;6564;103
PERNAMBUCO;6572;1
PERNAMBUCO;6580;40
PERNAMBUCO;6599;1722
PERNAMBUCO;6602;200
PERNAMBUCO;6610;154
PERNAMBUCO;6629;15
PERNAMBUCO;6637;645
PERNAMBUCO;6645;654
PERNAMBUCO;6653;82
PERNAMBUCO;6661;57
PERNAMBUCO;6670;319
PERNAMBUCO;6688;47
PERNAMBUCO;6696;12
PERNAMBUCO;6700;245
PERNAMBUCO;6726;639
PERNAMBUCO;6742;2
PERNAMBUCO;6750;45
PERNAMBUCO;6769;404
PERNAMBUCO;6785;23
PERNAMBUCO;6823;17
PERNAMBUCO;6831;2
PERNAMBUCO;6840;24
PERNAMBUCO;6858;188
PERNAMBUCO;6866;31
PERNAMBUCO;6882;2
PERNAMBUCO;6890;2
PERNAMBUCO;6904;21
PERNAMBUCO;6912;146
PERNAMBUCO;6920;25
PERNAMBUCO;6939;1
PERNAMBUCO;6947;83
PERNAMBUCO;6955;4
PERNAMBUCO;6963;20
PERNAMBUCO;6971;11
PERNAMBUCO;6980;3
PERNAMBUCO;7030;336
PERNAMBUCO;7048;340
PERNAMBUCO;7056;2
PERNAMBUCO;7064;54
PERNAMBUCO;7072;30
PERNAMBUCO;7099;8
PERNAMBUCO;7102;13
PERNAMBUCO;7137;2
PERNAMBUCO;7218;22
PERNAMBUCO;7234;20
PERNAMBUCO;7242;4090
PERNAMBUCO;7269;2
PERNAMBUCO;7285;8
PERNAMBUCO;7293;1
PERNAMBUCO;7307;1
PERNAMBUCO;7315;9
PERNAMBUCO;7323;3
PERNAMBUCO;7340;539
PERNAMBUCO;7358;20
PERNAMBUCO;7366;168
PERNAMBUCO;7374;1
PERNAMBUCO;7455;16479
PERNAMBUCO;7463;4122
PERNAMBUCO;7471;964
PERNAMBUCO;7552;7
PERNAMBUCO;7560;107
PERNAMBUCO;7579;473
PERNAMBUCO;7587;947
PERNAMBUCO;7617;6
PERNAMBUCO;7625;174
PERNAMBUCO;7633;964
PIAUI;5010;991
PIAUI;5029;1
PIAUI;5037;49
PIAUI;5045;265
PIAUI;5053;15
PIAUI;5061;28
PIAUI;5096;8
PIAUI;5100;1
PIAUI;5118;244
PIAUI;5126;2
PIAUI;5134;8
PIAUI;5142;42
PIAUI;5169;167
PIAUI;5177;4
PIAUI;5185;490
PIAUI;5193;98
PIAUI;5207;43
PIAUI;5215;4
PIAUI;5231;2
PIAUI;5266;13
PIAUI;5274;5
PIAUI;5282;6
PIAUI;5290;2
PIAUI;5304;6
PIAUI;5320;8
PIAUI;5347;4
PIAUI;5355;2
PIAUI;5380;7
PIAUI;5398;1
PIAUI;5401;3
PIAUI;5410;6
PIAUI;5428;65
PIAUI;5444;118
PIAUI;5452;122
PIAUI;5460;9
PIAUI;5479;65
PIAUI;5487;86
PIAUI;5495;1
PIAUI;5509;112
PIAUI;5525;7
PIAUI;5541;84
PIAUI;5550;80
PIAUI;5568;68
PIAUI;5592;3
PIAUI;5614;205
PIAUI;5622;8
PIAUI;5630;2
PIAUI;5657;1
PIAUI;5665;2
PIAUI;5673;7
PIAUI;5703;4
PIAUI;5711;2
PIAUI;5720;61
PIAUI;5738;104
PIAUI;5746;2
PIAUI;5762;1
PIAUI;5770;8
PIAUI;5797;25
PIAUI;5800;7
PIAUI;5819;121
PIAUI;5827;1
PIAUI;5835;207
PIAUI;5843;23
PIAUI;5860;3
PIAUI;5878;125
PIAUI;5908;198
PIAUI;5924;1
PIAUI;5940;11
PIAUI;5959;3
PIAUI;5967;1239
PIAUI;5975;21
PIAUI;5983;1
PIAUI;5991;13
PIAUI;6017;13
PIAUI;6025;3
PIAUI;6041;379
PIAUI;6050;172
PIAUI;6068;13
PIAUI;6076;11
PIAUI;6084;2
PIAUI;6106;1
PIAUI;6122;12
PIAUI;6130;1
PIAUI;6157;1
PIAUI;6173;2
PIAUI;6190;3
PIAUI;6203;1
PIAUI;6270;5
PIAUI;6394;1
PIAUI;6408;49
PIAUI;6432;1
PIAUI;6483;1
PIAUI;6530;1
PIAUI;6556;7
PIAUI;6564;97
PIAUI;6580;61
PIAUI;6599;979
PIAUI;6602;95
PIAUI;6610;40
PIAUI;6637;281
PIAUI;6645;263
PIAUI;6653;30
PIAUI;6661;21
PIAUI;6670;197
PIAUI;6688;21
PIAUI;6700;116
PIAUI;6726;193
PIAUI;6742;2
PIAUI;6750;7
PIAUI;6769;139
PIAUI;6785;6
PIAUI;6823;5
PIAUI;6840;12
PIAUI;6858;233
PIAUI;6866;12
PIAUI;6904;3
PIAUI;6912;78
PIAUI;6920;7
PIAUI;6939;1
PIAUI;6947;32
PIAUI;6963;4
PIAUI;6971;1
PIAUI;7030;1144
PIAUI;7048;901
PIAUI;7064;35
PIAUI;7072;25
PIAUI;7099;6
PIAUI;7102;3
PIAUI;7110;1
PIAUI;7137;2
PIAUI;7218;5
PIAUI;7234;10
PIAUI;7242;1312
PIAUI;7293;4
PIAUI;7307;1
PIAUI;7315;1
PIAUI;7323;1
PIAUI;7340;426
PIAUI;7366;51
PIAUI;7455;5787
PIAUI;7463;1436
PIAUI;7471;104
PIAUI;7560;38
PIAUI;7579;166
PIAUI;7587;112
PIAUI;7617;1
PIAUI;7625;35
PIAUI;7633;94
RIO DE JANEIRO;5002;9
RIO DE JANEIRO;5010;1637
RIO DE JANEIRO;5029;201
RIO DE JANEIRO;5037;140
RIO DE JANEIRO;5045;536
RIO DE JANEIRO;5053;84
RIO DE JANEIRO;5061;45
RIO DE JANEIRO;5070;3
RIO DE JANEIRO;5088;7
RIO DE JANEIRO;5096;17
RIO DE JANEIRO;5100;1
RIO DE JANEIRO;5118;397
RIO DE JANEIRO;5126;12
RIO DE JANEIRO;5134;36
RIO DE JANEIRO;5142;98
RIO DE JANEIRO;5150;9
RIO DE JANEIRO;5169;301
RIO DE JANEIRO;5177;1
RIO DE JANEIRO;5185;6385
RIO DE JANEIRO;5193;361
RIO DE JANEIRO;5207;217
RIO DE JANEIRO;5215;89
RIO DE JANEIRO;5223;1
RIO DE JANEIRO;5231;28
RIO DE JANEIRO;5240;4
RIO DE JANEIRO;5258;14
RIO DE JANEIRO;5266;18
RIO DE JANEIRO;5274;55
RIO DE JANEIRO;5290;1
RIO DE JANEIRO;5304;1
RIO DE JANEIRO;5312;1
RIO DE JANEIRO;5347;2
RIO DE JANEIRO;5355;1
RIO DE JANEIRO;5371;7
RIO DE JANEIRO;5380;192
RIO DE JANEIRO;5398;3
RIO DE JANEIRO;5401;7
RIO DE JANEIRO;5410;30
RIO DE JANEIRO;5428;302
RIO DE JANEIRO;5436;2
RIO DE JANEIRO;5444;266
RIO DE JANEIRO;5452;1705
RIO DE JANEIRO;5460;73
RIO DE JANEIRO;5479;68
RIO DE JANEIRO;5487;151
RIO DE JANEIRO;5495;2
RIO DE JANEIRO;5509;224
RIO DE JANEIRO;5517;11
RIO DE JANEIRO;5525;98
RIO DE JANEIRO;5541;2443
RIO DE JANEIRO;5550;800
RIO DE JANEIRO;5568;626
RIO DE JANEIRO;5576;28
RIO DE JANEIRO;5584;1
RIO DE JANEIRO;5592;6
RIO DE JANEIRO;5606;15
RIO DE JANEIRO;5614;130
RIO DE JANEIRO;5622;51
RIO DE JANEIRO;5630;8
RIO DE JANEIRO;5649;1
RIO DE JANEIRO;5657;1
RIO DE JANEIRO;5665;24
RIO DE JANEIRO;5673;22
RIO DE JANEIRO;5681;270
RIO DE JANEIRO;5690;31
RIO DE JANEIRO;5703;131
RIO DE JANEIRO;5711;113
RIO DE JANEIRO;5720;120
RIO DE JANEIRO;5738;378
RIO DE JANEIRO;5746;344
RIO DE JANEIRO;5770;102
RIO DE JANEIRO;5789;9
RIO DE JANEIRO;5797;48
RIO DE JANEIRO;5800;223
RIO DE JANEIRO;5819;3616
RIO DE JANEIRO;5827;43
RIO DE JANEIRO;5835;856
RIO DE JANEIRO;5843;102
RIO DE JANEIRO;5851;18
RIO DE JANEIRO;5860;170
RIO DE JANEIRO;5878;96
RIO DE JANEIRO;5894;3
RIO DE JANEIRO;5908;1969
RIO DE JANEIRO;5916;3
RIO DE JANEIRO;5924;5
RIO DE JANEIRO;5932;5
RIO DE JANEIRO;5940;17
RIO DE JANEIRO;5959;32
RIO DE JANEIRO;5967;2539
RIO DE JANEIRO;5975;92
RIO DE JANEIRO;5983;1
RIO DE JANEIRO;5991;125
RIO DE JANEIRO;6017;27
RIO DE JANEIRO;6025;30
RIO DE JANEIRO;6033;9
RIO DE JANEIRO;6041;294
RIO DE JANEIRO;6050;943
RIO DE JANEIRO;6068;2060
RIO DE JANEIRO;6076;63
RIO DE JANEIRO;6084;147
RIO DE JANEIRO;6122;63
RIO DE JANEIRO;6130;10
RIO DE JANEIRO;6149;2
RIO DE JANEIRO;6157;3
RIO DE JANEIRO;6173;6
RIO DE JANEIRO;6181;3
RIO DE JANEIRO;6190;7
RIO DE JANEIRO;6203;1
RIO DE JANEIRO;6270;275
RIO DE JANEIRO;6289;2
RIO DE JANEIRO;6319;1
RIO DE JANEIRO;6335;3
RIO DE JANEIRO;6386;1
RIO DE JANEIRO;6394;2
RIO DE JANEIRO;6408;102
RIO DE JANEIRO;6432;8
RIO DE JANEIRO;6440;4
RIO DE JANEIRO;6459;7
RIO DE JANEIRO;6483;4
RIO DE JANEIRO;6491;12
RIO DE JANEIRO;6530;33
RIO DE JANEIRO;6548;11
RIO DE JANEIRO;6556;72
RIO DE JANEIRO;6564;34
RIO DE JANEIRO;6572;12
RIO DE JANEIRO;6580;123
RIO DE JANEIRO;6599;3009
RIO DE JANEIRO;6602;354
RIO DE JANEIRO;6610;129
RIO DE JANEIRO;6629;77
RIO DE JANEIRO;6637;782
RIO DE JANEIRO;6645;559
RIO DE JANEIRO;6653;56
RIO DE JANEIRO;6661;58
RIO DE JANEIRO;6670;515
RIO DE JANEIRO;6688;42
RIO DE JANEIRO;6696;5
RIO DE JANEIRO;6700;475
RIO DE JANEIRO;6726;1289
RIO DE JANEIRO;6742;3
RIO DE JANEIRO;6750;31
RIO DE JANEIRO;6769;557
RIO DE JANEIRO;6785;39
RIO DE JANEIRO;6807;5
RIO DE JANEIRO;6815;2
RIO DE JANEIRO;6823;9
RIO DE JANEIRO;6831;1
RIO DE JANEIRO;6840;12
RIO DE JANEIRO;6858;251
RIO DE JANEIRO;6866;58
RIO DE JANEIRO;6882;1
RIO DE JANEIRO;6904;6
RIO DE JANEIRO;6912;479
RIO DE JANEIRO;6920;3046
RIO DE JANEIRO;6947;109
RIO DE JANEIRO;6955;5
RIO DE JANEIRO;6963;22
RIO DE JANEIRO;6971;6
RIO DE JANEIRO;6980;6
RIO DE JANEIRO;7030;816
RIO DE JANEIRO;7048;447
RIO DE JANEIRO;7056;6
RIO DE JANEIRO;7064;65
RIO DE JANEIRO;7072;8
RIO DE JANEIRO;7099;5
RIO DE JANEIRO;7102;5
RIO DE JANEIRO;7153;2
RIO DE JANEIRO;7218;7
RIO DE JANEIRO;7226;2
RIO DE JANEIRO;7234;130
RIO DE JANEIRO;7242;8107
RIO DE JANEIRO;7269;2
RIO DE JANEIRO;7277;34
RIO DE JANEIRO;7285;13
RIO DE JANEIRO;7293;5
RIO DE JANEIRO;7307;2
RIO DE JANEIRO;7315;10
RIO DE JANEIRO;7323;6
RIO DE JANEIRO;7340;343
RIO DE JANEIRO;7358;23
RIO DE JANEIRO;7366;637
RIO DE JANEIRO;7374;85
RIO DE JANEIRO;7455;225797
RIO DE JANEIRO;7463;26704
RIO DE JANEIRO;7471;2137
RIO DE JANEIRO;7552;3
RIO DE JANEIRO;7560;115
RIO DE JANEIRO;7579;1228
RIO DE JANEIRO;7587;55
RIO DE JANEIRO;7617;6
RIO DE JANEIRO;7625;267
RIO DE JANEIRO;7633;1333
RIO GRANDE DO NORTE;5010;2313
RIO GRANDE DO NORTE;5029;13
RIO GRANDE DO NORTE;5037;72
RIO GRANDE DO NORTE;5045;377
RIO GRANDE DO NORTE;5053;59
RIO GRANDE DO NORTE;5061;54
RIO GRANDE DO NORTE;5088;3
RIO GRANDE DO NORTE;5096;10
RIO GRANDE DO NORTE;5118;278
RIO GRANDE DO NORTE;5126;1
RIO GRANDE DO NORTE;5134;22
RIO GRANDE DO NORTE;5142;32
RIO GRANDE DO NORTE;5150;5
RIO GRANDE DO NORTE;5169;202
RIO GRANDE DO NORTE;5177;4
RIO GRANDE DO NORTE;5185;858
RIO GRANDE DO NORTE;5193;127
RIO GRANDE DO NORTE;5207;230
RIO GRANDE DO NORTE;5215;12
RIO GRANDE DO NORTE;5223;2
RIO GRANDE DO NORTE;5231;10
RIO GRANDE DO NORTE;5274;42
RIO GRANDE DO NORTE;5282;8
RIO GRANDE DO NORTE;5304;4
RIO GRANDE DO NORTE;5320;9
RIO GRANDE DO NORTE;5347;5
RIO GRANDE DO NORTE;5371;4
RIO GRANDE DO NORTE;5380;16
RIO GRANDE DO NORTE;5401;5
RIO GRANDE DO NORTE;5410;12
RIO GRANDE DO NORTE;5428;243
RIO GRANDE DO NORTE;5444;86
RIO GRANDE DO NORTE;5452;205
RIO GRANDE DO NORTE;5460;15
RIO GRANDE DO NORTE;5479;47
RIO GRANDE DO NORTE;5487;45
RIO GRANDE DO NORTE;5495;1
RIO GRANDE DO NORTE;5509;21
RIO GRANDE DO NORTE;5525;15
RIO GRANDE DO NORTE;5541;86
RIO GRANDE DO NORTE;5550;70
RIO GRANDE DO NORTE;5568;20
RIO GRANDE DO NORTE;5606;1
RIO GRANDE DO NORTE;5614;43
RIO GRANDE DO NORTE;5622;5
RIO GRANDE DO NORTE;5657;1
RIO GRANDE DO NORTE;5665;3
RIO GRANDE DO NORTE;5673;50
RIO GRANDE DO NORTE;5681;8
RIO GRANDE DO NORTE;5690;2
RIO GRANDE DO NORTE;5703;9
RIO GRANDE DO NORTE;5711;19
RIO GRANDE DO NORTE;5720;35
RIO GRANDE DO NORTE;5738;48
RIO GRANDE DO NORTE;5746;21
RIO GRANDE DO NORTE;5762;2
RIO GRANDE DO NORTE;5770;13
RIO GRANDE DO NORTE;5797;15
RIO GRANDE DO NORTE;5800;1
RIO GRANDE DO NORTE;5819;457
RIO GRANDE DO NORTE;5827;5
RIO GRANDE DO NORTE;5835;256
RIO GRANDE DO NORTE;5843;25
RIO GRANDE DO NORTE;5851;32
RIO GRANDE DO NORTE;5860;6
RIO GRANDE DO NORTE;5878;5
RIO GRANDE DO NORTE;5908;72
RIO GRANDE DO NORTE;5924;5
RIO GRANDE DO NORTE;5940;6
RIO GRANDE DO NORTE;5959;4
RIO GRANDE DO NORTE;5967;726
RIO GRANDE DO NORTE;5975;70
RIO GRANDE DO NORTE;5991;42
RIO GRANDE DO NORTE;6009;5
RIO GRANDE DO NORTE;6017;27
RIO GRANDE DO NORTE;6025;1
RIO GRANDE DO NORTE;6033;9
RIO GRANDE DO NORTE;6041;69
RIO GRANDE DO NORTE;6050;294
RIO GRANDE DO NORTE;6068;32
RIO GRANDE DO NORTE;6076;42
RIO GRANDE DO NORTE;6084;21
RIO GRANDE DO NORTE;6122;14
RIO GRANDE DO NORTE;6130;2
RIO GRANDE DO NORTE;6173;4
RIO GRANDE DO NORTE;6181;3
RIO GRANDE DO NORTE;6190;2
RIO GRANDE DO NORTE;6270;9
RIO GRANDE DO NORTE;6297;1
RIO GRANDE DO NORTE;6319;2
RIO GRANDE DO NORTE;6378;1
RIO GRANDE DO NORTE;6408;76
RIO GRANDE DO NORTE;6432;5
RIO GRANDE DO NORTE;6440;1
RIO GRANDE DO NORTE;6459;1
RIO GRANDE DO NORTE;6467;1
RIO GRANDE DO NORTE;6530;4
RIO GRANDE DO NORTE;6548;1
RIO GRANDE DO NORTE;6556;47
RIO GRANDE DO NORTE;6564;63
RIO GRANDE DO NORTE;6572;4
RIO GRANDE DO NORTE;6580;39
RIO GRANDE DO NORTE;6599;1817
RIO GRANDE DO NORTE;6602;103
RIO GRANDE DO NORTE;6610;109
RIO GRANDE DO NORTE;6629;36
RIO GRANDE DO NORTE;6637;511
RIO GRANDE DO NORTE;6645;381
RIO GRANDE DO NORTE;6653;130
RIO GRANDE DO NORTE;6661;35
RIO GRANDE DO NORTE;6670;257
RIO GRANDE DO NORTE;6688;38
RIO GRANDE DO NORTE;6696;2
RIO GRANDE DO NORTE;6700;221
RIO GRANDE DO NORTE;6726;516
RIO GRANDE DO NORTE;6742;19
RIO GRANDE DO NORTE;6750;23
RIO GRANDE DO NORTE;6769;184
RIO GRANDE DO NORTE;6785;6
RIO GRANDE DO NORTE;6807;2
RIO GRANDE DO NORTE;6823;2
RIO GRANDE DO NORTE;6831;1
RIO GRANDE DO NORTE;6840;13
RIO GRANDE DO NORTE;6858;156
RIO GRANDE DO NORTE;6866;49
RIO GRANDE DO NORTE;6882;1
RIO GRANDE DO NORTE;6890;1
RIO GRANDE DO NORTE;6904;8
RIO GRANDE DO NORTE;6912;204
RIO GRANDE DO NORTE;6920;4
RIO GRANDE DO NORTE;6947;46
RIO GRANDE DO NORTE;6955;1
RIO GRANDE DO NORTE;6963;28
RIO GRANDE DO NORTE;6971;6
RIO GRANDE DO NORTE;6980;2
RIO GRANDE DO NORTE;7030;1326
RIO GRANDE DO NORTE;7048;228
RIO GRANDE DO NORTE;7056;13
RIO GRANDE DO NORTE;7064;21
RIO GRANDE DO NORTE;7072;17
RIO GRANDE DO NORTE;7099;4
RIO GRANDE DO NORTE;7102;1
RIO GRANDE DO NORTE;7218;7
RIO GRANDE DO NORTE;7234;15
RIO GRANDE DO NORTE;7242;1210
RIO GRANDE DO NORTE;7277;4
RIO GRANDE DO NORTE;7285;2
RIO GRANDE DO NORTE;7293;1
RIO GRANDE DO NORTE;7340;573
RIO GRANDE DO NORTE;7358;7
RIO GRANDE DO NORTE;7366;175
RIO GRANDE DO NORTE;7374;3
RIO GRANDE DO NORTE;7455;6175
RIO GRANDE DO NORTE;7463;1579
RIO GRANDE DO NORTE;7471;165
RIO GRANDE DO NORTE;7552;3
RIO GRANDE DO NORTE;7560;121
RIO GRANDE DO NORTE;7579;475
RIO GRANDE DO NORTE;7587;7
RIO GRANDE DO NORTE;7617;2
RIO GRANDE DO NORTE;7625;12
RIO GRANDE DO NORTE;7633;117
RIO GRANDE DO SUL;5002;1596
RIO GRANDE DO SUL;5010;2388
RIO GRANDE DO SUL;5029;659
RIO GRANDE DO SUL;5037;233
RIO GRANDE DO SUL;5045;722
RIO GRANDE DO SUL;5053;94
RIO GRANDE DO SUL;5061;62
RIO GRANDE DO SUL;5070;20
RIO GRANDE DO SUL;5088;10
RIO GRANDE DO SUL;5096;42
RIO GRANDE DO SUL;5100;2
RIO GRANDE DO SUL;5118;698
RIO GRANDE DO SUL;5126;151
RIO GRANDE DO SUL;5134;64
RIO GRANDE DO SUL;5142;191
RIO GRANDE DO SUL;5150;20
RIO GRANDE DO SUL;5169;302
RIO GRANDE DO SUL;5177;19
RIO GRANDE DO SUL;5185;4396
RIO GRANDE DO SUL;5193;439
RIO GRANDE DO SUL;5207;305
RIO GRANDE DO SUL;5215;35
RIO GRANDE DO SUL;5231;19
RIO GRANDE DO SUL;5240;3
RIO GRANDE DO SUL;5266;2
RIO GRANDE DO SUL;5274;91
RIO GRANDE DO SUL;5282;9
RIO GRANDE DO SUL;5290;1
RIO GRANDE DO SUL;5304;2
RIO GRANDE DO SUL;5320;4
RIO GRANDE DO SUL;5347;22
RIO GRANDE DO SUL;5355;6
RIO GRANDE DO SUL;5371;22
RIO GRANDE DO SUL;5380;28
RIO GRANDE DO SUL;5398;11
RIO GRANDE DO SUL;5401;11
RIO GRANDE DO SUL;5410;11
RIO GRANDE DO SUL;5428;70
RIO GRANDE DO SUL;5444;144
RIO GRANDE DO SUL;5452;343
RIO GRANDE DO SUL;5460;116
RIO GRANDE DO SUL;5479;11
RIO GRANDE DO SUL;5487;50
RIO GRANDE DO SUL;5495;2
RIO GRANDE DO SUL;5509;48
RIO GRANDE DO SUL;5517;3
RIO GRANDE DO SUL;5525;79
RIO GRANDE DO SUL;5541;878
RIO GRANDE DO SUL;5550;742
RIO GRANDE DO SUL;5568;336
RIO GRANDE DO SUL;5584;3
RIO GRANDE DO SUL;5592;30
RIO GRANDE DO SUL;5614;70
RIO GRANDE DO SUL;5622;41
RIO GRANDE DO SUL;5630;10
RIO GRANDE DO SUL;5657;2
RIO GRANDE DO SUL;5665;84
RIO GRANDE DO SUL;5673;140
RIO GRANDE DO SUL;5681;18
RIO GRANDE DO SUL;5690;12
RIO GRANDE DO SUL;5703;433
RIO GRANDE DO SUL;5711;354
RIO GRANDE DO SUL;5720;159
RIO GRANDE DO SUL;5738;152
RIO GRANDE DO SUL;5746;157
RIO GRANDE DO SUL;5762;1
RIO GRANDE DO SUL;5770;49
RIO GRANDE DO SUL;5789;10
RIO GRANDE DO SUL;5797;60
RIO GRANDE DO SUL;5800;384
RIO GRANDE DO SUL;5819;821
RIO GRANDE DO SUL;5827;9
RIO GRANDE DO SUL;5835;350
RIO GRANDE DO SUL;5843;198
RIO GRANDE DO SUL;5851;78
RIO GRANDE DO SUL;5860;39
RIO GRANDE DO SUL;5878;45
RIO GRANDE DO SUL;5908;126
RIO GRANDE DO SUL;5916;3
RIO GRANDE DO SUL;5924;18
RIO GRANDE DO SUL;5940;69
RIO GRANDE DO SUL;5959;9
RIO GRANDE DO SUL;5967;2649
RIO GRANDE DO SUL;5975;182
RIO GRANDE DO SUL;5991;210
RIO GRANDE DO SUL;6009;9
RIO GRANDE DO SUL;6017;16
RIO GRANDE DO SUL;6025;7
RIO GRANDE DO SUL;6033;20
RIO GRANDE DO SUL;6041;485
RIO GRANDE DO SUL;6050;1110
RIO GRANDE DO SUL;6068;176
RIO GRANDE DO SUL;6076;21
RIO GRANDE DO SUL;6084;23
RIO GRANDE DO SUL;6122;144
RIO GRANDE DO SUL;6130;1
RIO GRANDE DO SUL;6173;13
RIO GRANDE DO SUL;6181;13
RIO GRANDE DO SUL;6190;10
RIO GRANDE DO SUL;6262;2
RIO GRANDE DO SUL;6270;106
RIO GRANDE DO SUL;6289;1
RIO GRANDE DO SUL;6297;1
RIO GRANDE DO SUL;6300;2
RIO GRANDE DO SUL;6319;6
RIO GRANDE DO SUL;6327;2
RIO GRANDE DO SUL;6335;2
RIO GRANDE DO SUL;6343;1
RIO GRANDE DO SUL;6378;1
RIO GRANDE DO SUL;6394;11
RIO GRANDE DO SUL;6408;147
RIO GRANDE DO SUL;6416;1
RIO GRANDE DO SUL;6432;179
RIO GRANDE DO SUL;6440;2
RIO GRANDE DO SUL;6459;16
RIO GRANDE DO SUL;6483;5
RIO GRANDE DO SUL;6491;9
RIO GRANDE DO SUL;6513;1
RIO GRANDE DO SUL;6530;105
RIO GRANDE DO SUL;6548;2
RIO GRANDE DO SUL;6556;64
RIO GRANDE DO SUL;6564;29
RIO GRANDE DO SUL;6572;2
RIO GRANDE DO SUL;6580;46
RIO GRANDE DO SUL;6599;1994
RIO GRANDE DO SUL;6602;301
RIO GRANDE DO SUL;6610;325
RIO GRANDE DO SUL;6629;4
RIO GRANDE DO SUL;6637;864
RIO GRANDE DO SUL;6645;1145
RIO GRANDE DO SUL;6653;263
RIO GRANDE DO SUL;6661;118
RIO GRANDE DO SUL;6670;869
RIO GRANDE DO SUL;6688;65
RIO GRANDE DO SUL;6696;20
RIO GRANDE DO SUL;6700;600
RIO GRANDE DO SUL;6726;1351
RIO GRANDE DO SUL;6742;6
RIO GRANDE DO SUL;6750;37
RIO GRANDE DO SUL;6769;535
RIO GRANDE DO SUL;6777;1
RIO GRANDE DO SUL;6785;19
RIO GRANDE DO SUL;6793;1
RIO GRANDE DO SUL;6807;5
RIO GRANDE DO SUL;6823;67
RIO GRANDE DO SUL;6831;23
RIO GRANDE DO SUL;6840;139
RIO GRANDE DO SUL;6858;127
RIO GRANDE DO SUL;6866;7
RIO GRANDE DO SUL;6882;4
RIO GRANDE DO SUL;6890;3
RIO GRANDE DO SUL;6904;19
RIO GRANDE DO SUL;6912;294
RIO GRANDE DO SUL;6920;2032
RIO GRANDE DO SUL;6947;117
RIO GRANDE DO SUL;6955;5
RIO GRANDE DO SUL;6963;104
RIO GRANDE DO SUL;6971;6
RIO GRANDE DO SUL;6980;5
RIO GRANDE DO SUL;7030;42
RIO GRANDE DO SUL;7048;15
RIO GRANDE DO SUL;7056;15
RIO GRANDE DO SUL;7064;32
RIO GRANDE DO SUL;7072;2
RIO GRANDE DO SUL;7099;8
RIO GRANDE DO SUL;7102;2
RIO GRANDE DO SUL;7218;4
RIO GRANDE DO SUL;7226;1
RIO GRANDE DO SUL;7234;83
RIO GRANDE DO SUL;7242;3172
RIO GRANDE DO SUL;7250;2
RIO GRANDE DO SUL;7269;1
RIO GRANDE DO SUL;7277;63
RIO GRANDE DO SUL;7285;117
RIO GRANDE DO SUL;7293;27
RIO GRANDE DO SUL;7307;5
RIO GRANDE DO SUL;7315;31
RIO GRANDE DO SUL;7323;11
RIO GRANDE DO SUL;7331;5
RIO GRANDE DO SUL;7340;340
RIO GRANDE DO SUL;7358;41
RIO GRANDE DO SUL;7366;324
RIO GRANDE DO SUL;7374;4
RIO GRANDE DO SUL;7455;68723
RIO GRANDE DO SUL;7463;11877
RIO GRANDE DO SUL;7471;907
RIO GRANDE DO SUL;7552;1
RIO GRANDE DO SUL;7560;276
RIO GRANDE DO SUL;7579;610
RIO GRANDE DO SUL;7587;421
RIO GRANDE DO SUL;7617;4
RIO GRANDE DO SUL;7625;123
RIO GRANDE DO SUL;7633;890
RONDONIA;5002;5
RONDONIA;5010;472
RONDONIA;5029;6
RONDONIA;5037;37
RONDONIA;5045;238
RONDONIA;5053;43
RONDONIA;5061;15
RONDONIA;5088;1
RONDONIA;5096;5
RONDONIA;5100;2
RONDONIA;5118;35
RONDONIA;5126;1
RONDONIA;5134;2
RONDONIA;5142;9
RONDONIA;5150;2
RONDONIA;5169;136
RONDONIA;5185;779
RONDONIA;5193;154
RONDONIA;5207;143
RONDONIA;5215;1
RONDONIA;5274;6
RONDONIA;5282;3
RONDONIA;5304;1
RONDONIA;5320;1
RONDONIA;5355;5
RONDONIA;5371;3
RONDONIA;5380;1
RONDONIA;5410;1
RONDONIA;5428;53
RONDONIA;5436;1
RONDONIA;5444;21
RONDONIA;5452;52
RONDONIA;5460;1
RONDONIA;5479;1
RONDONIA;5487;4
RONDONIA;5509;1
RONDONIA;5517;4
RONDONIA;5525;11
RONDONIA;5541;21
RONDONIA;5550;18
RONDONIA;5568;9
RONDONIA;5592;1
RONDONIA;5614;30
RONDONIA;5622;1
RONDONIA;5649;2
RONDONIA;5673;4
RONDONIA;5681;4
RONDONIA;5690;3
RONDONIA;5703;1
RONDONIA;5711;4
RONDONIA;5720;67
RONDONIA;5738;81
RONDONIA;5746;14
RONDONIA;5770;13
RONDONIA;5797;21
RONDONIA;5800;9
RONDONIA;5819;147
RONDONIA;5835;228
RONDONIA;5843;36
RONDONIA;5851;6
RONDONIA;5860;5
RONDONIA;5878;4
RONDONIA;5908;25
RONDONIA;5916;2
RONDONIA;5924;19
RONDONIA;5940;13
RONDONIA;5959;32
RONDONIA;5967;1123
RONDONIA;5975;31
RONDONIA;5991;15
RONDONIA;6009;1
RONDONIA;6017;51
RONDONIA;6025;2
RONDONIA;6033;2
RONDONIA;6041;36
RONDONIA;6050;216
RONDONIA;6068;21
RONDONIA;6076;4
RONDONIA;6084;13
RONDONIA;6122;10
RONDONIA;6157;3
RONDONIA;6173;1
RONDONIA;6181;3
RONDONIA;6190;1
RONDONIA;6270;11
RONDONIA;6335;1
RONDONIA;6394;2
RONDONIA;6408;86
RONDONIA;6432;5
RONDONIA;6440;1
RONDONIA;6459;4
RONDONIA;6530;3
RONDONIA;6556;15
RONDONIA;6564;12
RONDONIA;6572;1
RONDONIA;6580;20
RONDONIA;6599;891
RONDONIA;6602;68
RONDONIA;6610;38
RONDONIA;6637;343
RONDONIA;6645;449
RONDONIA;6653;25
RONDONIA;6661;16
RONDONIA;6670;227
RONDONIA;6688;34
RONDONIA;6696;4
RONDONIA;6700;327
RONDONIA;6726;782
RONDONIA;6742;10
RONDONIA;6750;20
RONDONIA;6769;296
RONDONIA;6785;3
RONDONIA;6807;1
RONDONIA;6823;13
RONDONIA;6831;2
RONDONIA;6840;63
RONDONIA;6858;149
RONDONIA;6866;10
RONDONIA;6890;1
RONDONIA;6904;3
RONDONIA;6912;163
RONDONIA;6947;57
RONDONIA;6963;19
RONDONIA;6971;1
RONDONIA;7030;8
RONDONIA;7048;12
RONDONIA;7056;6
RONDONIA;7064;12
RONDONIA;7072;33
RONDONIA;7080;1
RONDONIA;7099;4
RONDONIA;7102;2
RONDONIA;7218;10
RONDONIA;7234;13
RONDONIA;7242;1078
RONDONIA;7277;22
RONDONIA;7293;1
RONDONIA;7307;1
RONDONIA;7315;1
RONDONIA;7323;1
RONDONIA;7340;171
RONDONIA;7358;5
RONDONIA;7366;45
RONDONIA;7455;10009
RONDONIA;7463;2332
RONDONIA;7471;232
RONDONIA;7560;95
RONDONIA;7579;105
RONDONIA;7587;3
RONDONIA;7617;1
RONDONIA;7625;1
RONDONIA;7633;53
RORAIMA;5010;425
RORAIMA;5029;2
RORAIMA;5037;18
RORAIMA;5045;114
RORAIMA;5053;5
RORAIMA;5061;13
RORAIMA;5088;1
RORAIMA;5096;1
RORAIMA;5118;68
RORAIMA;5134;3
RORAIMA;5142;17
RORAIMA;5169;90
RORAIMA;5177;1
RORAIMA;5185;1184
RORAIMA;5193;123
RORAIMA;5207;279
RORAIMA;5215;7
RORAIMA;5231;2
RORAIMA;5240;1
RORAIMA;5258;1
RORAIMA;5266;1
RORAIMA;5274;30
RORAIMA;5282;2
RORAIMA;5371;1
RORAIMA;5380;5
RORAIMA;5398;1
RORAIMA;5410;2
RORAIMA;5428;7
RORAIMA;5444;12
RORAIMA;5452;18
RORAIMA;5460;1
RORAIMA;5479;1
RORAIMA;5487;3
RORAIMA;5525;8
RORAIMA;5541;3
RORAIMA;5550;7
RORAIMA;5568;20
RORAIMA;5576;3
RORAIMA;5592;1
RORAIMA;5606;1
RORAIMA;5614;1
RORAIMA;5622;2
RORAIMA;5673;7
RORAIMA;5681;1
RORAIMA;5720;23
RORAIMA;5738;43
RORAIMA;5746;4
RORAIMA;5770;8
RORAIMA;5797;5
RORAIMA;5819;67
RORAIMA;5835;50
RORAIMA;5843;5
RORAIMA;5878;2
RORAIMA;5908;4
RORAIMA;5924;1
RORAIMA;5940;3
RORAIMA;5959;3
RORAIMA;5967;94
RORAIMA;5975;2
RORAIMA;5991;5
RORAIMA;6009;11
RORAIMA;6017;6
RORAIMA;6025;1
RORAIMA;6033;3
RORAIMA;6041;11
RORAIMA;6050;175
RORAIMA;6068;6
RORAIMA;6076;3
RORAIMA;6084;1
RORAIMA;6122;17
RORAIMA;6130;7
RORAIMA;6149;1
RORAIMA;6157;4
RORAIMA;6165;1
RORAIMA;6190;1
RORAIMA;6270;3
RORAIMA;6408;21
RORAIMA;6432;4
RORAIMA;6440;6
RORAIMA;6459;3
RORAIMA;6491;2
RORAIMA;6530;6
RORAIMA;6556;20
RORAIMA;6564;3
RORAIMA;6580;11
RORAIMA;6599;473
RORAIMA;6602;36
RORAIMA;6610;35
RORAIMA;6637;106
RORAIMA;6645;118
RORAIMA;6653;17
RORAIMA;6661;15
RORAIMA;6670;56
RORAIMA;6688;2
RORAIMA;6696;2
RORAIMA;6700;30
RORAIMA;6726;140
RORAIMA;6742;2
RORAIMA;6750;1
RORAIMA;6769;52
RORAIMA;6823;1
RORAIMA;6840;5
RORAIMA;6858;81
RORAIMA;6866;2
RORAIMA;6904;1
RORAIMA;6912;59
RORAIMA;6947;27
RORAIMA;6955;1
RORAIMA;6963;5
RORAIMA;6980;1
RORAIMA;7030;32
RORAIMA;7048;71
RORAIMA;7056;7
RORAIMA;7064;2
RORAIMA;7072;11
RORAIMA;7099;1
RORAIMA;7102;1
RORAIMA;7110;1
RORAIMA;7137;1
RORAIMA;7218;2
RORAIMA;7226;1
RORAIMA;7234;4
RORAIMA;7242;249
RORAIMA;7285;3
RORAIMA;7307;1
RORAIMA;7323;2
RORAIMA;7340;45
RORAIMA;7358;1
RORAIMA;7366;52
RORAIMA;7455;1134
RORAIMA;7463;254
RORAIMA;7471;15
RORAIMA;7560;34
RORAIMA;7579;42
RORAIMA;7625;13
RORAIMA;7633;214
SANTA CATARINA;5002;259
SANTA CATARINA;5010;847
SANTA CATARINA;5029;102
SANTA CATARINA;5037;77
SANTA CATARINA;5045;604
SANTA CATARINA;5053;94
SANTA CATARINA;5061;28
SANTA CATARINA;5070;2
SANTA CATARINA;5088;2
SANTA CATARINA;5096;21
SANTA CATARINA;5100;1
SANTA CATARINA;5118;228
SANTA CATARINA;5126;26
SANTA CATARINA;5134;17
SANTA CATARINA;5142;66
SANTA CATARINA;5150;11
SANTA CATARINA;5169;391
SANTA CATARINA;5177;10
SANTA CATARINA;5185;2853
SANTA CATARINA;5193;337
SANTA CATARINA;5207;404
SANTA CATARINA;5215;14
SANTA CATARINA;5231;12
SANTA CATARINA;5240;1
SANTA CATARINA;5266;1
SANTA CATARINA;5274;30
SANTA CATARINA;5282;9
SANTA CATARINA;5290;8
SANTA CATARINA;5304;4
SANTA CATARINA;5320;12
SANTA CATARINA;5347;7
SANTA CATARINA;5355;2
SANTA CATARINA;5371;17
SANTA CATARINA;5380;10
SANTA CATARINA;5401;1
SANTA CATARINA;5410;5
SANTA CATARINA;5428;129
SANTA CATARINA;5444;126
SANTA CATARINA;5452;205
SANTA CATARINA;5460;25
SANTA CATARINA;5487;27
SANTA CATARINA;5509;14
SANTA CATARINA;5525;25
SANTA CATARINA;5541;538
SANTA CATARINA;5550;294
SANTA CATARINA;5568;156
SANTA CATARINA;5592;1
SANTA CATARINA;5614;36
SANTA CATARINA;5622;9
SANTA CATARINA;5630;7
SANTA CATARINA;5657;2
SANTA CATARINA;5665;19
SANTA CATARINA;5673;52
SANTA CATARINA;5681;16
SANTA CATARINA;5690;33
SANTA CATARINA;5703;849
SANTA CATARINA;5711;830
SANTA CATARINA;5720;118
SANTA CATARINA;5738;80
SANTA CATARINA;5746;303
SANTA CATARINA;5762;5
SANTA CATARINA;5770;82
SANTA CATARINA;5789;3
SANTA CATARINA;5797;62
SANTA CATARINA;5800;291
SANTA CATARINA;5819;1008
SANTA CATARINA;5827;11
SANTA CATARINA;5835;414
SANTA CATARINA;5843;190
SANTA CATARINA;5851;72
SANTA CATARINA;5860;38
SANTA CATARINA;5878;74
SANTA CATARINA;5894;3
SANTA CATARINA;5908;56
SANTA CATARINA;5916;11
SANTA CATARINA;5924;17
SANTA CATARINA;5940;30
SANTA CATARINA;5959;14
SANTA CATARINA;5967;2327
SANTA CATARINA;5975;140
SANTA CATARINA;5991;31
SANTA CATARINA;6009;1
SANTA CATARINA;6017;10
SANTA CATARINA;6025;5
SANTA CATARINA;6033;8
SANTA CATARINA;6041;201
SANTA CATARINA;6050;410
SANTA CATARINA;6068;338
SANTA CATARINA;6076;17
SANTA CATARINA;6084;13
SANTA CATARINA;6122;15
SANTA CATARINA;6165;1
SANTA CATARINA;6173;12
SANTA CATARINA;6181;14
SANTA CATARINA;6190;7
SANTA CATARINA;6203;1
SANTA CATARINA;6262;1
SANTA CATARINA;6270;102
SANTA CATARINA;6289;1
SANTA CATARINA;6297;1
SANTA CATARINA;6300;4
SANTA CATARINA;6319;8
SANTA CATARINA;6335;3
SANTA CATARINA;6378;4
SANTA CATARINA;6394;6
SANTA CATARINA;6408;218
SANTA CATARINA;6432;23
SANTA CATARINA;6440;1
SANTA CATARINA;6459;21
SANTA CATARINA;6483;2
SANTA CATARINA;6491;7
SANTA CATARINA;6505;1
SANTA CATARINA;6530;26
SANTA CATARINA;6548;3
SANTA CATARINA;6556;29
SANTA CATARINA;6564;14
SANTA CATARINA;6572;1
SANTA CATARINA;6580;32
SANTA CATARINA;6599;1695
SANTA CATARINA;6602;409
SANTA CATARINA;6610;249
SANTA CATARINA;6629;4
SANTA CATARINA;6637;940
SANTA CATARINA;6645;1240
SANTA CATARINA;6653;135
SANTA CATARINA;6661;104
SANTA CATARINA;6670;699
SANTA CATARINA;6688;73
SANTA CATARINA;6696;15
SANTA CATARINA;6700;546
SANTA CATARINA;6726;1187
SANTA CATARINA;6742;2
SANTA CATARINA;6750;87
SANTA CATARINA;6769;414
SANTA CATARINA;6777;1
SANTA CATARINA;6785;34
SANTA CATARINA;6793;1
SANTA CATARINA;6807;5
SANTA CATARINA;6823;62
SANTA CATARINA;6831;25
SANTA CATARINA;6840;135
SANTA CATARINA;6858;96
SANTA CATARINA;6866;9
SANTA CATARINA;6882;1
SANTA CATARINA;6890;2
SANTA CATARINA;6904;20
SANTA CATARINA;6912;321
SANTA CATARINA;6920;78
SANTA CATARINA;6947;159
SANTA CATARINA;6963;77
SANTA CATARINA;6971;8
SANTA CATARINA;6980;4
SANTA CATARINA;7030;9
SANTA CATARINA;7048;5
SANTA CATARINA;7056;3
SANTA CATARINA;7064;34
SANTA CATARINA;7099;19
SANTA CATARINA;7102;5
SANTA CATARINA;7110;1
SANTA CATARINA;7218;5
SANTA CATARINA;7226;1
SANTA CATARINA;7234;36
SANTA CATARINA;7242;5720
SANTA CATARINA;7269;2
SANTA CATARINA;7277;31
SANTA CATARINA;7285;18
SANTA CATARINA;7293;3
SANTA CATARINA;7307;2
SANTA CATARINA;7315;16
SANTA CATARINA;7323;4
SANTA CATARINA;7340;169
SANTA CATARINA;7358;34
SANTA CATARINA;7366;147
SANTA CATARINA;7374;2
SANTA CATARINA;7455;101566
SANTA CATARINA;7463;21313
SANTA CATARINA;7471;2165
SANTA CATARINA;7552;1
SANTA CATARINA;7560;294
SANTA CATARINA;7579;1515
SANTA CATARINA;7587;96
SANTA CATARINA;7617;1
SANTA CATARINA;7625;30
SANTA CATARINA;7633;835
SAO PAULO;5002;1057
SAO PAULO;5010;777
SAO PAULO;5029;408
SAO PAULO;5037;105
SAO PAULO;5045;493
SAO PAULO;5053;78
SAO PAULO;5061;50
SAO PAULO;5070;19
SAO PAULO;5088;11
SAO PAULO;5096;15
SAO PAULO;5100;1
SAO PAULO;5118;206
SAO PAULO;5126;56
SAO PAULO;5134;26
SAO PAULO;5142;75
SAO PAULO;5150;8
SAO PAULO;5169;226
SAO PAULO;5177;9
SAO PAULO;5185;11490
SAO PAULO;5193;595
SAO PAULO;5207;1665
SAO PAULO;5215;105
SAO PAULO;5223;2
SAO PAULO;5231;95
SAO PAULO;5240;2
SAO PAULO;5258;91
SAO PAULO;5266;6
SAO PAULO;5274;40
SAO PAULO;5282;4
SAO PAULO;5290;1
SAO PAULO;5304;2
SAO PAULO;5320;4
SAO PAULO;5347;9
SAO PAULO;5355;3
SAO PAULO;5363;2
SAO PAULO;5371;33
SAO PAULO;5380;698
SAO PAULO;5398;49
SAO PAULO;5401;66
SAO PAULO;5410;89
SAO PAULO;5428;238
SAO PAULO;5436;4
SAO PAULO;5444;443
SAO PAULO;5452;4921
SAO PAULO;5460;586
SAO PAULO;5479;45
SAO PAULO;5487;552
SAO PAULO;5495;21
SAO PAULO;5509;468
SAO PAULO;5517;7
SAO PAULO;5525;982
SAO PAULO;5541;8941
SAO PAULO;5550;5788
SAO PAULO;5568;4715
SAO PAULO;5576;22
SAO PAULO;5584;9
SAO PAULO;5592;132
SAO PAULO;5606;11
SAO PAULO;5614;76
SAO PAULO;5622;500
SAO PAULO;5630;31
SAO PAULO;5649;1
SAO PAULO;5657;11
SAO PAULO;5665;488
SAO PAULO;5673;1420
SAO PAULO;5681;47
SAO PAULO;5690;67
SAO PAULO;5703;644
SAO PAULO;5711;451
SAO PAULO;5720;173
SAO PAULO;5738;1555
SAO PAULO;5746;4261
SAO PAULO;5762;3
SAO PAULO;5770;77
SAO PAULO;5789;5
SAO PAULO;5797;100
SAO PAULO;5800;1836
SAO PAULO;5819;2023
SAO PAULO;5827;47
SAO PAULO;5835;804
SAO PAULO;5843;1094
SAO PAULO;5851;216
SAO PAULO;5860;61
SAO PAULO;5878;279
SAO PAULO;5886;2
SAO PAULO;5894;5
SAO PAULO;5908;283
SAO PAULO;5916;7
SAO PAULO;5924;21
SAO PAULO;5932;5
SAO PAULO;5940;36
SAO PAULO;5959;52
SAO PAULO;5967;2533
SAO PAULO;5975;85
SAO PAULO;5991;615
SAO PAULO;6009;5
SAO PAULO;6017;155
SAO PAULO;6025;40
SAO PAULO;6033;15
SAO PAULO;6041;3304
SAO PAULO;6050;8086
SAO PAULO;6068;3842
SAO PAULO;6076;21
SAO PAULO;6084;97
SAO PAULO;6122;498
SAO PAULO;6130;12
SAO PAULO;6149;4
SAO PAULO;6157;3
SAO PAULO;6165;2
SAO PAULO;6173;8
SAO PAULO;6181;17
SAO PAULO;6190;16
SAO PAULO;6203;1
SAO PAULO;6262;1
SAO PAULO;6270;171
SAO PAULO;6289;1
SAO PAULO;6297;3
SAO PAULO;6300;1
SAO PAULO;6319;18
SAO PAULO;6327;1
SAO PAULO;6335;2
SAO PAULO;6351;2
SAO PAULO;6378;9
SAO PAULO;6386;2
SAO PAULO;6394;18
SAO PAULO;6408;214
SAO PAULO;6432;14
SAO PAULO;6440;5
SAO PAULO;6459;23
SAO PAULO;6467;2
SAO PAULO;6483;16
SAO PAULO;6491;160
SAO PAULO;6505;1
SAO PAULO;6530;1079
SAO PAULO;6548;3
SAO PAULO;6556;67
SAO PAULO;6564;87
SAO PAULO;6572;8
SAO PAULO;6580;59
SAO PAULO;6599;1397
SAO PAULO;6602;419
SAO PAULO;6610;203
SAO PAULO;6629;2
SAO PAULO;6637;1083
SAO PAULO;6645;1354
SAO PAULO;6653;120
SAO PAULO;6661;143
SAO PAULO;6670;1032
SAO PAULO;6688;79
SAO PAULO;6696;15
SAO PAULO;6700;577
SAO PAULO;6726;1057
SAO PAULO;6742;3
SAO PAULO;6750;57
SAO PAULO;6769;479
SAO PAULO;6777;2
SAO PAULO;6785;40
SAO PAULO;6793;4
SAO PAULO;6807;14
SAO PAULO;6823;69
SAO PAULO;6831;39
SAO PAULO;6840;190
SAO PAULO;6858;152
SAO PAULO;6866;38
SAO PAULO;6882;2
SAO PAULO;6904;14
SAO PAULO;6912;354
SAO PAULO;6920;89
SAO PAULO;6947;191
SAO PAULO;6955;2
SAO PAULO;6963;91
SAO PAULO;6971;3
SAO PAULO;6980;6
SAO PAULO;7030;221
SAO PAULO;7048;157
SAO PAULO;7056;167
SAO PAULO;7064;83
SAO PAULO;7072;10
SAO PAULO;7099;78
SAO PAULO;7102;7
SAO PAULO;7153;4
SAO PAULO;7196;5
SAO PAULO;7218;10
SAO PAULO;7226;4
SAO PAULO;7234;413
SAO PAULO;7242;5574
SAO PAULO;7269;2
SAO PAULO;7277;22
SAO PAULO;7285;14
SAO PAULO;7293;22
SAO PAULO;7307;1
SAO PAULO;7315;59
SAO PAULO;7323;5
SAO PAULO;7331;2
SAO PAULO;7340;128
SAO PAULO;7358;27
SAO PAULO;7366;1606
SAO PAULO;7374;30
SAO PAULO;7455;274358
SAO PAULO;7463;38096
SAO PAULO;7471;3988
SAO PAULO;7552;2
SAO PAULO;7560;353
SAO PAULO;7579;454
SAO PAULO;7587;313
SAO PAULO;7609;1
SAO PAULO;7617;49
SAO PAULO;7625;767
SAO PAULO;7633;7580
SERGIPE;5002;4
SERGIPE;5010;612
SERGIPE;5029;46
SERGIPE;5037;43
SERGIPE;5045;153
SERGIPE;5053;24
SERGIPE;5061;22
SERGIPE;5070;4
SERGIPE;5088;2
SERGIPE;5096;6
SERGIPE;5118;338
SERGIPE;5126;17
SERGIPE;5134;20
SERGIPE;5142;75
SERGIPE;5150;8
SERGIPE;5169;57
SERGIPE;5177;5
SERGIPE;5185;302
SERGIPE;5193;54
SERGIPE;5207;33
SERGIPE;5215;6
SERGIPE;5274;2
SERGIPE;5282;2
SERGIPE;5320;1
SERGIPE;5371;1
SERGIPE;5380;5
SERGIPE;5401;1
SERGIPE;5410;1
SERGIPE;5428;5
SERGIPE;5444;10
SERGIPE;5452;16
SERGIPE;5479;2
SERGIPE;5487;5
SERGIPE;5509;2
SERGIPE;5525;4
SERGIPE;5541;16
SERGIPE;5550;27
SERGIPE;5568;7
SERGIPE;5576;1
SERGIPE;5592;2
SERGIPE;5614;4
SERGIPE;5681;1
SERGIPE;5703;3
SERGIPE;5711;5
SERGIPE;5720;24
SERGIPE;5738;52
SERGIPE;5746;9
SERGIPE;5770;5
SERGIPE;5797;16
SERGIPE;5800;1
SERGIPE;5819;34
SERGIPE;5835;93
SERGIPE;5843;2
SERGIPE;5860;2
SERGIPE;5908;18
SERGIPE;5924;8
SERGIPE;5940;20
SERGIPE;5959;6
SERGIPE;5967;445
SERGIPE;5975;7
SERGIPE;5991;21
SERGIPE;6009;2
SERGIPE;6017;57
SERGIPE;6041;50
SERGIPE;6050;32
SERGIPE;6068;10
SERGIPE;6076;1
SERGIPE;6122;1
SERGIPE;6270;6
SERGIPE;6386;1
SERGIPE;6408;34
SERGIPE;6432;1
SERGIPE;6467;1
SERGIPE;6530;1
SERGIPE;6548;1
SERGIPE;6556;10
SERGIPE;6564;27
SERGIPE;6580;10
SERGIPE;6599;507
SERGIPE;6602;48
SERGIPE;6610;68
SERGIPE;6629;10
SERGIPE;6637;285
SERGIPE;6645;320
SERGIPE;6653;34
SERGIPE;6661;48
SERGIPE;6670;338
SERGIPE;6688;18
SERGIPE;6696;7
SERGIPE;6700;181
SERGIPE;6726;296
SERGIPE;6742;7
SERGIPE;6750;5
SERGIPE;6769;103
SERGIPE;6785;4
SERGIPE;6793;1
SERGIPE;6807;3
SERGIPE;6823;6
SERGIPE;6840;13
SERGIPE;6858;66
SERGIPE;6866;13
SERGIPE;6904;5
SERGIPE;6912;65
SERGIPE;6920;125
SERGIPE;6947;26
SERGIPE;6955;1
SERGIPE;6963;9
SERGIPE;6971;4
SERGIPE;7030;248
SERGIPE;7048;136
SERGIPE;7056;2
SERGIPE;7064;13
SERGIPE;7072;4
SERGIPE;7099;7
SERGIPE;7102;4
SERGIPE;7218;4
SERGIPE;7234;1
SERGIPE;7242;534
SERGIPE;7269;1
SERGIPE;7285;1
SERGIPE;7315;2
SERGIPE;7323;1
SERGIPE;7340;174
SERGIPE;7366;22
SERGIPE;7455;5502
SERGIPE;7463;1218
SERGIPE;7471;133
SERGIPE;7552;3
SERGIPE;7560;91
SERGIPE;7579;70
SERGIPE;7587;4
SERGIPE;7625;4
SERGIPE;7633;20
TOCANTINS;5002;2
TOCANTINS;5010;155
TOCANTINS;5029;2
TOCANTINS;5037;9
TOCANTINS;5045;84
TOCANTINS;5053;10
TOCANTINS;5061;6
TOCANTINS;5096;4
TOCANTINS;5118;26
TOCANTINS;5134;6
TOCANTINS;5142;10
TOCANTINS;5150;2
TOCANTINS;5169;26
TOCANTINS;5177;2
TOCANTINS;5185;128
TOCANTINS;5193;33
TOCANTINS;5207;22
TOCANTINS;5215;2
TOCANTINS;5231;2
TOCANTINS;5355;3
TOCANTINS;5371;1
TOCANTINS;5401;1
TOCANTINS;5428;14
TOCANTINS;5444;16
TOCANTINS;5452;15
TOCANTINS;5487;3
TOCANTINS;5495;1
TOCANTINS;5509;1
TOCANTINS;5517;1
TOCANTINS;5541;15
TOCANTINS;5550;10
TOCANTINS;5568;3
TOCANTINS;5592;2
TOCANTINS;5622;1
TOCANTINS;5673;1
TOCANTINS;5681;14
TOCANTINS;5690;1
TOCANTINS;5703;33
TOCANTINS;5711;10
TOCANTINS;5720;14
TOCANTINS;5738;19
TOCANTINS;5746;6
TOCANTINS;5770;1
TOCANTINS;5797;16
TOCANTINS;5800;3
TOCANTINS;5819;14
TOCANTINS;5827;1
TOCANTINS;5835;50
TOCANTINS;5843;4
TOCANTINS;5860;1
TOCANTINS;5878;3
TOCANTINS;5908;8
TOCANTINS;5924;2
TOCANTINS;5940;8
TOCANTINS;5959;1
TOCANTINS;5967;289
TOCANTINS;5975;4
TOCANTINS;5991;1
TOCANTINS;6017;3
TOCANTINS;6025;4
TOCANTINS;6041;8
TOCANTINS;6050;12
TOCANTINS;6068;15
TOCANTINS;6084;4
TOCANTINS;6122;4
TOCANTINS;6130;1
TOCANTINS;6173;2
TOCANTINS;6270;6
TOCANTINS;6327;1
TOCANTINS;6378;1
TOCANTINS;6408;12
TOCANTINS;6556;5
TOCANTINS;6564;11
TOCANTINS;6580;18
TOCANTINS;6599;147
TOCANTINS;6602;27
TOCANTINS;6610;7
TOCANTINS;6637;81
TOCANTINS;6645;130
TOCANTINS;6653;6
TOCANTINS;6661;14
TOCANTINS;6670;45
TOCANTINS;6688;10
TOCANTINS;6696;2
TOCANTINS;6700;21
TOCANTINS;6726;104
TOCANTINS;6742;1
TOCANTINS;6750;4
TOCANTINS;6769;56
TOCANTINS;6785;5
TOCANTINS;6823;4
TOCANTINS;6831;1
TOCANTINS;6840;13
TOCANTINS;6858;22
TOCANTINS;6866;1
TOCANTINS;6890;1
TOCANTINS;6904;4
TOCANTINS;6912;31
TOCANTINS;6920;1
TOCANTINS;6947;10
TOCANTINS;6963;1
TOCANTINS;6971;2
TOCANTINS;6980;1
TOCANTINS;7030;9
TOCANTINS;7048;7
TOCANTINS;7064;4
TOCANTINS;7072;5
TOCANTINS;7080;2
TOCANTINS;7102;2
TOCANTINS;7110;1
TOCANTINS;7234;2
TOCANTINS;7242;301
TOCANTINS;7285;1
TOCANTINS;7331;1
TOCANTINS;7340;32
TOCANTINS;7358;1
TOCANTINS;7366;8
TOCANTINS;7455;1744
TOCANTINS;7463;506
TOCANTINS;7471;59
TOCANTINS;7560;36
TOCANTINS;7579;25
TOCANTINS;7587;1
TOCANTINS;7633;8
